,domain,div,a,img,span,ul,li,number_similar_sites,cluster_id
1877,showbizcorner.com,12.0,1.0,0.0,9.0,0.0,0.0,35,0
1878,academic-accelerator.com,12.0,1.0,0.0,9.0,0.0,0.0,35,0
1882,twiman.net,12.0,1.0,0.0,9.0,0.0,0.0,35,0
1884,cinefil.com,12.0,1.0,0.0,9.0,0.0,0.0,35,0
1885,pricelisto.com,12.0,1.0,0.0,9.0,0.0,0.0,35,0
1887,jobtome.com,12.0,1.0,0.0,9.0,0.0,0.0,35,0
1890,2kdb.net,12.0,1.0,0.0,9.0,0.0,0.0,35,0
1891,expreso.com.pe,12.0,1.0,0.0,9.0,0.0,0.0,35,0
1892,minecraftskins.com,12.0,1.0,0.0,9.0,0.0,0.0,35,0
1894,imginn.com,12.0,1.0,0.0,9.0,0.0,0.0,35,0
1895,8fat.com,12.0,1.0,0.0,9.0,0.0,0.0,35,0
1897,onlinefikirler.com,13.0,3.0,0.0,2.0,0.0,0.0,11,1
1898,luxurywatchesjapan.com,8.0,4.0,0.0,0.0,0.0,0.0,21,2
1899,ddok9.com,8.0,4.0,0.0,0.0,0.0,0.0,21,2
1900,luxwristwatchjp.life,5.0,5.0,0.0,1.0,0.0,0.0,97,3
1902,fragrantica.asia,12.0,1.0,0.0,9.0,0.0,0.0,35,0
1903,workfromhomeoptions.fun,13.0,1.0,0.0,0.0,0.0,0.0,46,4
1904,ichineseporn.com,14.0,3.0,0.0,0.0,0.0,0.0,17,5
1905,xhamter.com,19.0,4.0,0.0,0.0,0.0,0.0,174,6
1906,cashaft.com,19.0,4.0,0.0,0.0,0.0,0.0,174,6
1907,autosportscars1-jp.space,13.0,1.0,0.0,0.0,0.0,0.0,46,4
1908,gramercyeast.com,13.0,3.0,0.0,1.0,0.0,0.0,53,7
1909,spzgaming.com,13.0,3.0,0.0,1.0,0.0,0.0,53,7
1910,doragon-apps.xyz,19.0,4.0,0.0,0.0,0.0,0.0,174,6
1911,xn--eck1a.co,19.0,4.0,0.0,0.0,0.0,0.0,174,6
1912,doshirouto.net,12.0,3.0,0.0,2.0,0.0,0.0,12,8
1913,jobsnearyou-open.site,13.0,1.0,0.0,0.0,0.0,0.0,46,4
1914,nonbiriamami.com,18.0,2.0,0.0,0.0,0.0,0.0,30,9
1915,funeralcostnew.site,5.0,5.0,0.0,1.0,0.0,0.0,97,3
1916,freewaygaming.com,12.0,1.0,0.0,9.0,0.0,0.0,35,0
1917,doctemplates.net,12.0,1.0,0.0,9.0,0.0,0.0,35,0
1918,nusejobsearchpro.co,5.0,5.0,0.0,1.0,0.0,0.0,97,3
1919,devconnected.com,12.0,1.0,0.0,9.0,0.0,0.0,35,0
1920,roofinginstalljp.club,5.0,5.0,0.0,1.0,0.0,0.0,97,3
1921,luxurywatchesjp.club,5.0,5.0,0.0,1.0,0.0,0.0,97,3
1922,japanattorney.site,5.0,5.0,0.0,1.0,0.0,0.0,97,3
1923,dentalcareerpros.co,5.0,5.0,0.0,1.0,0.0,0.0,97,3
1924,paintingjp.site,5.0,5.0,0.0,1.0,0.0,0.0,97,3
1925,fanfiction.com.br,12.0,1.0,0.0,9.0,0.0,0.0,35,0
1929,anwangfuli1.com,9.0,2.0,0.0,2.0,0.0,0.0,26,10
1930,artemisaz.ph,18.0,2.0,0.0,0.0,0.0,0.0,30,9
1931,electricianguide.site,5.0,5.0,0.0,1.0,0.0,0.0,97,3
1933,dentalimplantsjapan.com,13.0,1.0,0.0,0.0,0.0,0.0,46,4
1934,donatecarbayarea.com,19.0,4.0,0.0,0.0,0.0,0.0,174,6
1935,pornfiction.com,19.0,4.0,0.0,0.0,0.0,0.0,174,6
1936,skanner.com,19.0,4.0,0.0,0.0,0.0,0.0,174,6
1937,javguru.xyz,9.0,2.0,0.0,2.0,0.0,0.0,26,10
1938,watches-jp.xyz,14.0,3.0,0.0,0.0,0.0,0.0,17,5
1940,mark.biz,18.0,2.0,0.0,0.0,0.0,0.0,30,9
1941,creditcardsjapan.cards,8.0,4.0,0.0,0.0,0.0,0.0,21,2
1942,este.jp,19.0,4.0,0.0,0.0,0.0,0.0,174,6
1944,marinabaysand.com,19.0,4.0,0.0,0.0,0.0,0.0,174,6
1945,creditcardsinjapan.com,8.0,4.0,0.0,0.0,0.0,0.0,21,2
1946,outhfront.org,9.0,2.0,0.0,2.0,0.0,0.0,26,10
1947,vodso.shop,19.0,4.0,0.0,0.0,0.0,0.0,174,6
1948,vshbqnz.xyz,19.0,4.0,0.0,0.0,0.0,0.0,174,6
1949,indipendente.online,19.0,4.0,0.0,0.0,0.0,0.0,174,6
1950,ponehub.com,19.0,4.0,0.0,0.0,0.0,0.0,174,6
1951,grill-bon.com,9.0,2.0,0.0,2.0,0.0,0.0,26,10
1952,phanta-tcg.com,18.0,2.0,0.0,0.0,0.0,0.0,30,9
1953,pharmacyjobsinjapan.site,5.0,5.0,0.0,1.0,0.0,0.0,97,3
1954,design-apps-today.com,13.0,1.0,0.0,0.0,0.0,0.0,46,4
1955,newcheats.xyz,19.0,4.0,0.0,0.0,0.0,0.0,174,6
1956,fuulporner.com,19.0,4.0,0.0,0.0,0.0,0.0,174,6
1957,showbizcast.com,12.0,1.0,0.0,9.0,0.0,0.0,35,0
1958,e-rondo.jp,18.0,2.0,0.0,0.0,0.0,0.0,30,9
1959,bigfootlocator.com,9.0,2.0,0.0,2.0,0.0,0.0,26,10
1960,androiidapk.com,13.0,3.0,0.0,1.0,0.0,0.0,53,7
1961,lifeinsurance-best-deals-seniors-jp.site,13.0,1.0,0.0,0.0,0.0,0.0,46,4
1962,dandanav.com,13.0,3.0,0.0,1.0,0.0,0.0,53,7
1963,dailyfundersquotess.info,13.0,3.0,0.0,2.0,0.0,0.0,11,1
1964,make-card.com,19.0,4.0,0.0,0.0,0.0,0.0,174,6
1965,cutedeadguys.com,19.0,4.0,0.0,0.0,0.0,0.0,174,6
1966,58dy.com,12.0,3.0,0.0,2.0,0.0,0.0,12,8
1967,himezaki.com,16.0,3.0,0.0,2.0,0.0,0.0,23,11
1968,gosocial.co,12.0,1.0,0.0,9.0,0.0,0.0,35,0
1969,oppaiippai.com,16.0,3.0,0.0,2.0,0.0,0.0,23,11
1970,electricalsearchrightnow.info,5.0,5.0,0.0,1.0,0.0,0.0,97,3
1971,electricalsearchonline.info,5.0,5.0,0.0,1.0,0.0,0.0,97,3
1972,electricalonlinesearch.info,5.0,5.0,0.0,1.0,0.0,0.0,97,3
1973,electricalsearchspotter.info,5.0,5.0,0.0,1.0,0.0,0.0,97,3
1974,watch-shop-japan.com,13.0,3.0,0.0,1.0,0.0,0.0,53,7
1975,luxurywatches-jp.space,13.0,1.0,0.0,0.0,0.0,0.0,46,4
1976,ncckaigo.jp,19.0,4.0,0.0,0.0,0.0,0.0,174,6
1977,muumuu-mail.co,19.0,4.0,0.0,0.0,0.0,0.0,174,6
1978,mangatawa.net,19.0,4.0,0.0,0.0,0.0,0.0,174,6
1979,match-ing.info,19.0,4.0,0.0,0.0,0.0,0.0,174,6
1980,futmake.com,19.0,4.0,0.0,0.0,0.0,0.0,174,6
1981,yougove.de,19.0,4.0,0.0,0.0,0.0,0.0,174,6
1982,irdop.com,13.0,3.0,0.0,1.0,0.0,0.0,53,7
1983,coachkyle.com.br,19.0,4.0,0.0,0.0,0.0,0.0,174,6
1984,kabakuro.com,13.0,2.0,0.0,0.0,0.0,0.0,10,12
1985,luxwatchjp.life,5.0,5.0,0.0,1.0,0.0,0.0,97,3
1986,securityguardjp.life,5.0,5.0,0.0,1.0,0.0,0.0,97,3
1987,taxijp.club,5.0,5.0,0.0,1.0,0.0,0.0,97,3
1988,creditcardjp.life,5.0,5.0,0.0,1.0,0.0,0.0,97,3
1989,nursesjobsjp.club,5.0,5.0,0.0,1.0,0.0,0.0,97,3
1990,nursejobjp.life,5.0,5.0,0.0,1.0,0.0,0.0,97,3
1991,nursejobsjp.club,5.0,5.0,0.0,1.0,0.0,0.0,97,3
1992,hairtransplantjp.life,5.0,5.0,0.0,1.0,0.0,0.0,97,3
1993,treetrim-jp.site,5.0,5.0,0.0,1.0,0.0,0.0,97,3
1994,funeral-homes.life,8.0,4.0,0.0,0.0,0.0,0.0,21,2
1995,xexx.com,19.0,4.0,0.0,0.0,0.0,0.0,174,6
1996,the-outlaw.jp,19.0,4.0,0.0,0.0,0.0,0.0,174,6
1997,solar-japaninstall.site,5.0,5.0,0.0,1.0,0.0,0.0,97,3
1998,xxlive.com,19.0,4.0,0.0,0.0,0.0,0.0,174,6
1999,creditcarddeals-jp.space,13.0,1.0,0.0,0.0,0.0,0.0,46,4
2000,latestnews29.com,12.0,1.0,0.0,9.0,0.0,0.0,35,0
2001,xn--sdk3aze.com,19.0,4.0,0.0,0.0,0.0,0.0,174,6
2002,dentistjobsearchguides.co,5.0,5.0,0.0,1.0,0.0,0.0,97,3
2003,gbe.st,19.0,4.0,0.0,0.0,0.0,0.0,174,6
2004,onlinewatches-jp.space,13.0,1.0,0.0,0.0,0.0,0.0,46,4
2005,filesify.com,13.0,3.0,0.0,1.0,0.0,0.0,53,7
2008,softyamikin-kantan-lone.com,13.0,2.0,0.0,0.0,0.0,0.0,10,12
2009,recycle-jumbo.com,19.0,4.0,0.0,0.0,0.0,0.0,174,6
2010,shop-osmi.com,18.0,2.0,0.0,0.0,0.0,0.0,30,9
2011,weekly-m.net,16.0,3.0,0.0,2.0,0.0,0.0,23,11
2012,phub.com,12.0,3.0,0.0,2.0,0.0,0.0,12,8
2013,funeral-costs-find.life,5.0,5.0,0.0,1.0,0.0,0.0,97,3
2014,cardloan.life,5.0,5.0,0.0,1.0,0.0,0.0,97,3
2016,creditcards-jp.space,13.0,1.0,0.0,0.0,0.0,0.0,46,4
2017,luxurywatchesrankingjp.com,13.0,1.0,0.0,0.0,0.0,0.0,46,4
2018,electriccars-jp-discount-deals.site,13.0,1.0,0.0,0.0,0.0,0.0,46,4
2019,shooper.com,13.0,3.0,0.0,1.0,0.0,0.0,53,7
2020,sinsei.net,19.0,4.0,0.0,0.0,0.0,0.0,174,6
2021,manga10010.com,19.0,4.0,0.0,0.0,0.0,0.0,174,6
2022,weeklymansion.com,19.0,4.0,0.0,0.0,0.0,0.0,174,6
2023,thrporndude.com,19.0,4.0,0.0,0.0,0.0,0.0,174,6
2024,ambivalence.org,19.0,4.0,0.0,0.0,0.0,0.0,174,6
2025,romi-unie-webshop.jp,19.0,4.0,0.0,0.0,0.0,0.0,174,6
2026,3x4you.net,19.0,4.0,0.0,0.0,0.0,0.0,174,6
2027,writerswork.com,19.0,4.0,0.0,0.0,0.0,0.0,174,6
2028,tokyo-datsumou.jp,19.0,4.0,0.0,0.0,0.0,0.0,174,6
2029,miyota.co,16.0,3.0,0.0,2.0,0.0,0.0,23,11
2030,llss.news,13.0,3.0,0.0,2.0,0.0,0.0,11,1
2031,gsm-credit.com,18.0,2.0,0.0,0.0,0.0,0.0,30,9
2032,xn--hckxerc177oibdrv2c7nigii.com,13.0,3.0,0.0,1.0,0.0,0.0,53,7
2033,xphimjav.net,14.0,3.0,0.0,0.0,0.0,0.0,17,5
2034,ichiban.com,16.0,3.0,0.0,2.0,0.0,0.0,23,11
2035,xxn.com,13.0,3.0,0.0,1.0,0.0,0.0,53,7
2036,list-of-luxury-watches.store,14.0,3.0,0.0,0.0,0.0,0.0,17,5
2037,oshikko.xyz,9.0,2.0,0.0,2.0,0.0,0.0,26,10
2038,meipai10.xyz,18.0,2.0,0.0,0.0,0.0,0.0,30,9
2039,erovideosx.com,12.0,3.0,0.0,2.0,0.0,0.0,12,8
2040,electriciansearchproguide.info,5.0,5.0,0.0,1.0,0.0,0.0,97,3
2041,jmcomic4.mobi,13.0,3.0,0.0,1.0,0.0,0.0,53,7
2042,blacklesbianfuck.com,19.0,4.0,0.0,0.0,0.0,0.0,174,6
2043,pixelpathos.com,9.0,2.0,0.0,2.0,0.0,0.0,26,10
2044,telemarketingjobsfromhomes.com,8.0,4.0,0.0,0.0,0.0,0.0,21,2
2045,unsold-suv.space,13.0,1.0,0.0,0.0,0.0,0.0,46,4
2046,japonx.vip,19.0,4.0,0.0,0.0,0.0,0.0,174,6
2047,outle.com,19.0,4.0,0.0,0.0,0.0,0.0,174,6
2048,xxxdehati.top,9.0,2.0,0.0,2.0,0.0,0.0,26,10
2049,cams-here.com,18.0,2.0,0.0,0.0,0.0,0.0,30,9
2050,kiz.com,18.0,2.0,0.0,0.0,0.0,0.0,30,9
2051,accountingcareerjobpro.co,5.0,5.0,0.0,1.0,0.0,0.0,97,3
2052,electrician-search.site,5.0,5.0,0.0,1.0,0.0,0.0,97,3
2054,travelvacationrentals1.space,13.0,1.0,0.0,0.0,0.0,0.0,46,4
2055,jporn-tv.net,19.0,4.0,0.0,0.0,0.0,0.0,174,6
2056,mexicana.es,19.0,4.0,0.0,0.0,0.0,0.0,174,6
2057,1utc0e.de,19.0,4.0,0.0,0.0,0.0,0.0,174,6
2058,captchaclub.com,9.0,2.0,0.0,2.0,0.0,0.0,26,10
2059,rainbow-shoukai.com,16.0,3.0,0.0,2.0,0.0,0.0,23,11
2060,taxi-drivers-search.life,5.0,5.0,0.0,1.0,0.0,0.0,97,3
2061,funeral-home-cost.life,5.0,5.0,0.0,1.0,0.0,0.0,97,3
2062,security-guards-job.life,5.0,5.0,0.0,1.0,0.0,0.0,97,3
2063,roofingaidoptionsinstantly.info,5.0,5.0,0.0,1.0,0.0,0.0,97,3
2064,arithub.com,13.0,3.0,0.0,2.0,0.0,0.0,11,1
2065,isnct.org,13.0,3.0,0.0,1.0,0.0,0.0,53,7
2067,sxnzx.cc,19.0,4.0,0.0,0.0,0.0,0.0,174,6
2068,expireddomain.com,19.0,4.0,0.0,0.0,0.0,0.0,174,6
2069,mfhifi.com,19.0,4.0,0.0,0.0,0.0,0.0,174,6
2070,sanriobb.com,18.0,2.0,0.0,0.0,0.0,0.0,30,9
2071,premon.com,19.0,4.0,0.0,0.0,0.0,0.0,174,6
2072,catalogoiosi.it,19.0,4.0,0.0,0.0,0.0,0.0,174,6
2073,enterrefinance.com,9.0,2.0,0.0,2.0,0.0,0.0,26,10
2074,freedsnews.com,14.0,3.0,0.0,0.0,0.0,0.0,17,5
2075,iwanttobetheboss.com,13.0,3.0,0.0,1.0,0.0,0.0,53,7
2076,bareeeeeeeeeen.com,19.0,4.0,0.0,0.0,0.0,0.0,174,6
2077,cheatyapp.com,9.0,2.0,0.0,2.0,0.0,0.0,26,10
2078,phayao-jp.com,13.0,2.0,0.0,0.0,0.0,0.0,10,12
2079,domainappraisal.net,13.0,3.0,0.0,2.0,0.0,0.0,11,1
2080,nenga2017.jp,19.0,4.0,0.0,0.0,0.0,0.0,174,6
2081,un-sui.jp,19.0,4.0,0.0,0.0,0.0,0.0,174,6
2083,2fyjcard-ppc-web.jp,9.0,2.0,0.0,2.0,0.0,0.0,26,10
2084,government-grants-4u.net,13.0,1.0,0.0,0.0,0.0,0.0,46,4
2085,extra.com.pe,12.0,1.0,0.0,9.0,0.0,0.0,35,0
2086,dataentryjobusa.life,5.0,5.0,0.0,1.0,0.0,0.0,97,3
2087,at-home-jobs-remote.life,8.0,4.0,0.0,0.0,0.0,0.0,21,2
2088,suvforsalejapan.com,8.0,4.0,0.0,0.0,0.0,0.0,21,2
2089,geologyin.com,13.0,3.0,0.0,1.0,0.0,0.0,53,7
2090,vrotica.com,13.0,3.0,0.0,2.0,0.0,0.0,11,1
2091,vfshelpline.com,13.0,3.0,0.0,1.0,0.0,0.0,53,7
2092,echantillons.com,19.0,4.0,0.0,0.0,0.0,0.0,174,6
2093,boyfrtendtv.com,19.0,4.0,0.0,0.0,0.0,0.0,174,6
2094,suvforsaleinjapan.com,8.0,4.0,0.0,0.0,0.0,0.0,21,2
2095,sidehustlelegends.com,13.0,3.0,0.0,1.0,0.0,0.0,53,7
2096,grandbux.net,13.0,3.0,0.0,1.0,0.0,0.0,53,7
2097,sarkarinetwork.co,13.0,3.0,0.0,1.0,0.0,0.0,53,7
2098,remote-working.net,13.0,1.0,0.0,0.0,0.0,0.0,46,4
2099,celeb-gate.cc,19.0,4.0,0.0,0.0,0.0,0.0,174,6
2100,uyonhqx.xyz,19.0,4.0,0.0,0.0,0.0,0.0,174,6
2101,youtunsfw.be,19.0,4.0,0.0,0.0,0.0,0.0,174,6
2102,linkstaker.xyz,19.0,4.0,0.0,0.0,0.0,0.0,174,6
2103,yoga-lig.com,18.0,2.0,0.0,0.0,0.0,0.0,30,9
2104,actual24.com,16.0,3.0,0.0,2.0,0.0,0.0,23,11
2105,dentistjobsjp.club,5.0,5.0,0.0,1.0,0.0,0.0,97,3
2106,physical-therapy-jobs-search.life,5.0,5.0,0.0,1.0,0.0,0.0,97,3
2107,testflightapp.cc,13.0,2.0,0.0,0.0,0.0,0.0,10,12
2108,ynotlis.shop,19.0,4.0,0.0,0.0,0.0,0.0,174,6
2109,kosho-shimaya.com,19.0,4.0,0.0,0.0,0.0,0.0,174,6
2110,heijie.pw,19.0,4.0,0.0,0.0,0.0,0.0,174,6
2111,youjazz.com,19.0,4.0,0.0,0.0,0.0,0.0,174,6
2112,deai-sns.net,19.0,4.0,0.0,0.0,0.0,0.0,174,6
2113,heo3x.cc,19.0,4.0,0.0,0.0,0.0,0.0,174,6
2114,sirouto-club.com,19.0,4.0,0.0,0.0,0.0,0.0,174,6
2115,probux.com,18.0,2.0,0.0,0.0,0.0,0.0,30,9
2116,18ban.jp,19.0,4.0,0.0,0.0,0.0,0.0,174,6
2117,credit-card-find.life,5.0,5.0,0.0,1.0,0.0,0.0,97,3
2118,japanfuneralhomehere.site,5.0,5.0,0.0,1.0,0.0,0.0,97,3
2119,dentalimplants-jp.life,5.0,5.0,0.0,1.0,0.0,0.0,97,3
2120,roofing-company.life,5.0,5.0,0.0,1.0,0.0,0.0,97,3
2122,mahuazy.net,13.0,3.0,0.0,1.0,0.0,0.0,53,7
2123,celulares-baratos-claro-precios.cloud,13.0,1.0,0.0,0.0,0.0,0.0,46,4
2124,gamerflirty.com,13.0,3.0,0.0,1.0,0.0,0.0,53,7
2125,ah0xk.me,19.0,4.0,0.0,0.0,0.0,0.0,174,6
2126,k-hanako.com,19.0,4.0,0.0,0.0,0.0,0.0,174,6
2127,neflav.com,19.0,4.0,0.0,0.0,0.0,0.0,174,6
2128,bokepvidio.net,18.0,2.0,0.0,0.0,0.0,0.0,30,9
2129,yadobashi.com,19.0,4.0,0.0,0.0,0.0,0.0,174,6
2130,projectandnotes.com,13.0,3.0,0.0,1.0,0.0,0.0,53,7
2131,mangasehri.com,12.0,1.0,0.0,9.0,0.0,0.0,35,0
2132,ero-taiken.com,9.0,2.0,0.0,2.0,0.0,0.0,26,10
2134,homecarejp.site,5.0,5.0,0.0,1.0,0.0,0.0,97,3
2135,zppstech.com,13.0,3.0,0.0,1.0,0.0,0.0,53,7
2136,beautips.club,19.0,4.0,0.0,0.0,0.0,0.0,174,6
2137,mambaby.de,18.0,2.0,0.0,0.0,0.0,0.0,30,9
2138,boundxy.com,16.0,3.0,0.0,2.0,0.0,0.0,23,11
2139,xxxxhub.com,12.0,3.0,0.0,2.0,0.0,0.0,12,8
2140,dentistjobsearchguide.co,5.0,5.0,0.0,1.0,0.0,0.0,97,3
2141,doctorjobsjp.life,5.0,5.0,0.0,1.0,0.0,0.0,97,3
2142,campers-best-deals-jp.site,13.0,1.0,0.0,0.0,0.0,0.0,46,4
2143,xn--castell-r0a.es,19.0,4.0,0.0,0.0,0.0,0.0,174,6
2144,flashzz.net,12.0,3.0,0.0,2.0,0.0,0.0,12,8
2145,matcha-under-ground.com,9.0,2.0,0.0,2.0,0.0,0.0,26,10
2146,summerwatson.co.uk,9.0,2.0,0.0,2.0,0.0,0.0,26,10
2147,funeral-costs.life,5.0,5.0,0.0,1.0,0.0,0.0,97,3
2148,jpsecurityguard.life,5.0,5.0,0.0,1.0,0.0,0.0,97,3
2149,treeremovaljp.life,5.0,5.0,0.0,1.0,0.0,0.0,97,3
2150,xhmster.com,19.0,4.0,0.0,0.0,0.0,0.0,174,6
2151,porno-massage.info,19.0,4.0,0.0,0.0,0.0,0.0,174,6
2152,pornup.com,19.0,4.0,0.0,0.0,0.0,0.0,174,6
2153,gavioessubsedejapao.com,19.0,4.0,0.0,0.0,0.0,0.0,174,6
2154,jol8ah.com,14.0,3.0,0.0,0.0,0.0,0.0,17,5
2155,autorepara.com,16.0,3.0,0.0,2.0,0.0,0.0,23,11
2156,bigosext69.com,14.0,3.0,0.0,0.0,0.0,0.0,17,5
2157,gxnxx.com,19.0,4.0,0.0,0.0,0.0,0.0,174,6
2159,jobsfordentists.co,5.0,5.0,0.0,1.0,0.0,0.0,97,3
2160,hoanhatrong.com,13.0,3.0,0.0,1.0,0.0,0.0,53,7
2161,watchbrandspt-br.space,13.0,1.0,0.0,0.0,0.0,0.0,46,4
2162,krapla.com,19.0,4.0,0.0,0.0,0.0,0.0,174,6
2163,roofingjp.life,5.0,5.0,0.0,1.0,0.0,0.0,97,3
2165,datingsplan.com,9.0,2.0,0.0,2.0,0.0,0.0,26,10
2166,weeklyadpro.com,12.0,1.0,0.0,9.0,0.0,0.0,35,0
2167,getmaturetube.com,14.0,3.0,0.0,0.0,0.0,0.0,17,5
2168,guiacg.net,14.0,3.0,0.0,0.0,0.0,0.0,17,5
2169,meta-payment.net,13.0,3.0,0.0,2.0,0.0,0.0,11,1
2170,sunday-finace.com,13.0,2.0,0.0,0.0,0.0,0.0,10,12
2171,knee-osteoarthritis.site,13.0,1.0,0.0,0.0,0.0,0.0,46,4
2172,cheapplumbingservice-jp.space,13.0,1.0,0.0,0.0,0.0,0.0,46,4
2173,ascott-j.com,19.0,4.0,0.0,0.0,0.0,0.0,174,6
2174,terusin.link,18.0,2.0,0.0,0.0,0.0,0.0,30,9
2175,takarashoten.com,18.0,2.0,0.0,0.0,0.0,0.0,30,9
2176,creditcardsjapan.net,8.0,4.0,0.0,0.0,0.0,0.0,21,2
2177,creditcardsjapan.com,8.0,4.0,0.0,0.0,0.0,0.0,21,2
2178,online-data-entry-jobs.life,8.0,4.0,0.0,0.0,0.0,0.0,21,2
2179,tiam-jewelry.com,13.0,2.0,0.0,0.0,0.0,0.0,10,12
2180,jingyu.ch,19.0,4.0,0.0,0.0,0.0,0.0,174,6
2181,wakugo.com,19.0,4.0,0.0,0.0,0.0,0.0,174,6
2182,freelancers.com,19.0,4.0,0.0,0.0,0.0,0.0,174,6
2183,sunwayfoto.jp,18.0,2.0,0.0,0.0,0.0,0.0,30,9
2184,securitycamerajp.club,5.0,5.0,0.0,1.0,0.0,0.0,97,3
2185,luxurywatches-jp.site,13.0,1.0,0.0,0.0,0.0,0.0,46,4
2186,workingfromhome.digital,13.0,1.0,0.0,0.0,0.0,0.0,46,4
2187,texbroker.com,19.0,4.0,0.0,0.0,0.0,0.0,174,6
2188,ekinet.com,12.0,3.0,0.0,2.0,0.0,0.0,12,8
2190,indiansexbf.top,9.0,2.0,0.0,2.0,0.0,0.0,26,10
2191,sagihigai24.com,13.0,2.0,0.0,0.0,0.0,0.0,10,12
2192,commentpostuler.com,13.0,3.0,0.0,1.0,0.0,0.0,53,7
2193,teletrabajo.com,19.0,4.0,0.0,0.0,0.0,0.0,174,6
2194,xhaster.com,19.0,4.0,0.0,0.0,0.0,0.0,174,6
2195,hentaitv.co,19.0,4.0,0.0,0.0,0.0,0.0,174,6
2196,secdougamuryo.com,19.0,4.0,0.0,0.0,0.0,0.0,174,6
2197,peypel.com,19.0,4.0,0.0,0.0,0.0,0.0,174,6
2198,serfcarm.es,19.0,4.0,0.0,0.0,0.0,0.0,174,6
2199,roofingservice.life,5.0,5.0,0.0,1.0,0.0,0.0,97,3
2201,ninehentai.net,19.0,4.0,0.0,0.0,0.0,0.0,174,6
2202,xvideo.co,19.0,4.0,0.0,0.0,0.0,0.0,174,6
2203,deaican.com,19.0,4.0,0.0,0.0,0.0,0.0,174,6
2204,ja-kumagaya.com,16.0,3.0,0.0,2.0,0.0,0.0,23,11
2205,18acg12.vip,19.0,4.0,0.0,0.0,0.0,0.0,174,6
2206,top-roofing-services.club,5.0,5.0,0.0,1.0,0.0,0.0,97,3
2207,japanbras.site,5.0,5.0,0.0,1.0,0.0,0.0,97,3
2208,hellkustom.com,13.0,3.0,0.0,1.0,0.0,0.0,53,7
2209,myeditechhouse.com,13.0,3.0,0.0,1.0,0.0,0.0,53,7
2210,rezudougamuryoublog.jp,19.0,4.0,0.0,0.0,0.0,0.0,174,6
2211,emeryindustries.com,9.0,2.0,0.0,2.0,0.0,0.0,26,10
2212,nurses-find.life,5.0,5.0,0.0,1.0,0.0,0.0,97,3
2213,hpornhub.com,19.0,4.0,0.0,0.0,0.0,0.0,174,6
2214,tibe8.com,19.0,4.0,0.0,0.0,0.0,0.0,174,6
2215,wwwtxxx.com,19.0,4.0,0.0,0.0,0.0,0.0,174,6
2216,government-grants-uk.com,13.0,1.0,0.0,0.0,0.0,0.0,46,4
2217,virtualassistant.com,13.0,3.0,0.0,1.0,0.0,0.0,53,7
2218,ech.co.uk,18.0,2.0,0.0,0.0,0.0,0.0,30,9
2219,funeralcostjp.club,5.0,5.0,0.0,1.0,0.0,0.0,97,3
2220,dentalimplantsjp.life,5.0,5.0,0.0,1.0,0.0,0.0,97,3
2221,findworkfromhome.life,13.0,1.0,0.0,0.0,0.0,0.0,46,4
2222,taxi-driver-jp-job.site,13.0,1.0,0.0,0.0,0.0,0.0,46,4
2223,snatchjobs.com,13.0,3.0,0.0,1.0,0.0,0.0,53,7
2224,appgametown.com,19.0,4.0,0.0,0.0,0.0,0.0,174,6
2225,uwatchfreetv.com,19.0,4.0,0.0,0.0,0.0,0.0,174,6
2226,maxxxporn.online,19.0,4.0,0.0,0.0,0.0,0.0,174,6
2227,adulpix.pw,19.0,4.0,0.0,0.0,0.0,0.0,174,6
2228,sanyxxx.com,19.0,4.0,0.0,0.0,0.0,0.0,174,6
2229,toyoda-yamashina.com,19.0,4.0,0.0,0.0,0.0,0.0,174,6
2230,nozze-deai.com,16.0,3.0,0.0,2.0,0.0,0.0,23,11
2231,caterersjobs.com,16.0,3.0,0.0,2.0,0.0,0.0,23,11
2232,stairrisejapan.site,5.0,5.0,0.0,1.0,0.0,0.0,97,3
2233,retirement-homes.life,5.0,5.0,0.0,1.0,0.0,0.0,97,3
2234,canadajobsearches.today,8.0,4.0,0.0,0.0,0.0,0.0,21,2
2235,hybridcars-deals-discount-jp.site,13.0,1.0,0.0,0.0,0.0,0.0,46,4
2236,newtonclicks.com,13.0,3.0,0.0,1.0,0.0,0.0,53,7
2237,babbo2012.com,19.0,4.0,0.0,0.0,0.0,0.0,174,6
2238,kaigolila.com,19.0,4.0,0.0,0.0,0.0,0.0,174,6
2239,socialbox949.buzz,19.0,4.0,0.0,0.0,0.0,0.0,174,6
2240,oornhub.com,18.0,2.0,0.0,0.0,0.0,0.0,30,9
2241,plumeti.fr,12.0,1.0,0.0,9.0,0.0,0.0,35,0
2242,jptaxidriver.life,5.0,5.0,0.0,1.0,0.0,0.0,97,3
2243,pharmacistjobpro.co,5.0,5.0,0.0,1.0,0.0,0.0,97,3
2244,truckdriverjobsjp.life,5.0,5.0,0.0,1.0,0.0,0.0,97,3
2245,physicaltherapistjobsjp.life,5.0,5.0,0.0,1.0,0.0,0.0,97,3
2250,taxi-driver-job-jp.site,13.0,1.0,0.0,0.0,0.0,0.0,46,4
2251,truck-drivers-job.cloud,13.0,1.0,0.0,0.0,0.0,0.0,46,4
2252,taxi-job-driver-jp.site,13.0,1.0,0.0,0.0,0.0,0.0,46,4
2253,kostnix.de,19.0,4.0,0.0,0.0,0.0,0.0,174,6
2254,otokonokojosoko.com,19.0,4.0,0.0,0.0,0.0,0.0,174,6
2255,talkboots.com,19.0,4.0,0.0,0.0,0.0,0.0,174,6
2256,star-hentai.com,19.0,4.0,0.0,0.0,0.0,0.0,174,6
2257,sns.mx,19.0,4.0,0.0,0.0,0.0,0.0,174,6
2258,radiocut.fm,12.0,1.0,0.0,9.0,0.0,0.0,35,0
2259,electriccarsjp.club,5.0,5.0,0.0,1.0,0.0,0.0,97,3
2260,work-from-home-offers.life,5.0,5.0,0.0,1.0,0.0,0.0,97,3
2261,personal-loans-new.life,5.0,5.0,0.0,1.0,0.0,0.0,97,3
2262,todoh.net,13.0,3.0,0.0,1.0,0.0,0.0,53,7
2263,jav356.com,19.0,4.0,0.0,0.0,0.0,0.0,174,6
2264,icatchmydt.com,19.0,4.0,0.0,0.0,0.0,0.0,174,6
2266,javsub.com,12.0,3.0,0.0,2.0,0.0,0.0,12,8
2267,taxidriverjp.life,5.0,5.0,0.0,1.0,0.0,0.0,97,3
2268,bonadiebeauty.com,13.0,3.0,0.0,1.0,0.0,0.0,53,7
2269,the-credit-card-choices.com,13.0,1.0,0.0,0.0,0.0,0.0,46,4
2270,dvd-koibito.com,13.0,2.0,0.0,0.0,0.0,0.0,10,12
2271,manga1000.com,13.0,3.0,0.0,1.0,0.0,0.0,53,7
2272,affordable-villas.site,13.0,1.0,0.0,0.0,0.0,0.0,46,4
2273,top-credit-card.site,13.0,1.0,0.0,0.0,0.0,0.0,46,4
2274,shop.fo,19.0,4.0,0.0,0.0,0.0,0.0,174,6
2275,hentaitoon.club,19.0,4.0,0.0,0.0,0.0,0.0,174,6
2276,yourdestinationlink.com,19.0,4.0,0.0,0.0,0.0,0.0,174,6
2277,jamesonwhiskey-jp-game.com,19.0,4.0,0.0,0.0,0.0,0.0,174,6
2278,o71h.com,9.0,2.0,0.0,2.0,0.0,0.0,26,10
2279,pronjapan.com,16.0,3.0,0.0,2.0,0.0,0.0,23,11
2280,taxi-drivers-now.life,5.0,5.0,0.0,1.0,0.0,0.0,97,3
2281,nursingjobsjapan.site,5.0,5.0,0.0,1.0,0.0,0.0,97,3
2282,electriccarsfind.life,5.0,5.0,0.0,1.0,0.0,0.0,97,3
2283,pixxx.com,13.0,3.0,0.0,1.0,0.0,0.0,53,7
2284,techkidunya.com,13.0,3.0,0.0,1.0,0.0,0.0,53,7
2285,earnwithsocialmedia.com,13.0,3.0,0.0,1.0,0.0,0.0,53,7
2286,sudok.com,13.0,3.0,0.0,1.0,0.0,0.0,53,7
2287,augolfmall.com,13.0,3.0,0.0,1.0,0.0,0.0,53,7
2288,workfromhomemyanmar.space,13.0,1.0,0.0,0.0,0.0,0.0,46,4
2289,travelcreditcards.guru,13.0,1.0,0.0,0.0,0.0,0.0,46,4
2290,internet-business1.com,13.0,1.0,0.0,0.0,0.0,0.0,46,4
2291,ztokyo.net,19.0,4.0,0.0,0.0,0.0,0.0,174,6
2292,hirelawyerjp.life,5.0,5.0,0.0,1.0,0.0,0.0,97,3
2293,madbid.com,13.0,3.0,0.0,1.0,0.0,0.0,53,7
2294,river-m.net,19.0,4.0,0.0,0.0,0.0,0.0,174,6
2295,jppornpic.com,19.0,4.0,0.0,0.0,0.0,0.0,174,6
2296,united-bees.jp,19.0,4.0,0.0,0.0,0.0,0.0,174,6
2297,kldm.website,19.0,4.0,0.0,0.0,0.0,0.0,174,6
2298,11k.la,19.0,4.0,0.0,0.0,0.0,0.0,174,6
2299,kakuregany.com,16.0,3.0,0.0,2.0,0.0,0.0,23,11
2300,ccmm112.com,14.0,3.0,0.0,0.0,0.0,0.0,17,5
2301,japanwatches.net,8.0,4.0,0.0,0.0,0.0,0.0,21,2
2302,watchesjapan.net,8.0,4.0,0.0,0.0,0.0,0.0,21,2
2303,luxuryseniorhomes-jp.space,13.0,1.0,0.0,0.0,0.0,0.0,46,4
2304,freeporn.co,19.0,4.0,0.0,0.0,0.0,0.0,174,6
2305,dentalcareerquerynow.co,5.0,5.0,0.0,1.0,0.0,0.0,97,3
2306,techorahul.com,13.0,3.0,0.0,1.0,0.0,0.0,53,7
2307,gogoanime.se,19.0,4.0,0.0,0.0,0.0,0.0,174,6
2308,lolita14.com,9.0,2.0,0.0,2.0,0.0,0.0,26,10
2309,wqewq5asewqe.xyz,14.0,3.0,0.0,0.0,0.0,0.0,17,5
2310,xnxy.com,16.0,3.0,0.0,2.0,0.0,0.0,23,11
2311,japancivilservices.life,5.0,5.0,0.0,1.0,0.0,0.0,97,3
2312,retirement-homes-search.life,5.0,5.0,0.0,1.0,0.0,0.0,97,3
2313,boyssee.com,13.0,3.0,0.0,2.0,0.0,0.0,11,1
2314,iesapp.com,13.0,3.0,0.0,1.0,0.0,0.0,53,7
2315,try2steps.com,13.0,3.0,0.0,1.0,0.0,0.0,53,7
2316,sindbadbookmarks.net,13.0,2.0,0.0,0.0,0.0,0.0,10,12
2317,fuelcardspt-br.space,13.0,1.0,0.0,0.0,0.0,0.0,46,4
2318,zjrwmuoutlet.xyz,13.0,3.0,0.0,2.0,0.0,0.0,11,1
2319,stgems.store,19.0,4.0,0.0,0.0,0.0,0.0,174,6
2320,samwatch.com,19.0,4.0,0.0,0.0,0.0,0.0,174,6
2321,nhentaui.net,19.0,4.0,0.0,0.0,0.0,0.0,174,6
2322,routrelogin.net,19.0,4.0,0.0,0.0,0.0,0.0,174,6
2323,xn--1sqr58o.com,19.0,4.0,0.0,0.0,0.0,0.0,174,6
2324,electriccarsjp.life,5.0,5.0,0.0,1.0,0.0,0.0,97,3
2325,gratisproben.de,19.0,4.0,0.0,0.0,0.0,0.0,174,6
2326,taxi-driver-jobs.life,5.0,5.0,0.0,1.0,0.0,0.0,97,3
2327,ecarjapanhere.site,5.0,5.0,0.0,1.0,0.0,0.0,97,3
2329,officialrctechs.com,13.0,3.0,0.0,1.0,0.0,0.0,53,7
2330,jalshamoviezhd.rocks,19.0,4.0,0.0,0.0,0.0,0.0,174,6
2331,clinicaltrialsfind.com,8.0,4.0,0.0,0.0,0.0,0.0,21,2
2332,od5l.xyz,14.0,3.0,0.0,0.0,0.0,0.0,17,5
2333,japanesemature.com,12.0,3.0,0.0,2.0,0.0,0.0,12,8
2334,sisisou.men,18.0,2.0,0.0,0.0,0.0,0.0,30,9
2335,gotemba-onsen.jp,19.0,4.0,0.0,0.0,0.0,0.0,174,6
2336,paidtestingcenter.com,8.0,4.0,0.0,0.0,0.0,0.0,21,2
2337,dxj3.xyz,14.0,3.0,0.0,0.0,0.0,0.0,17,5
2338,ero-mov.net,9.0,2.0,0.0,2.0,0.0,0.0,26,10
2339,privatevideo.com,18.0,2.0,0.0,0.0,0.0,0.0,30,9
2340,ltns.com,12.0,3.0,0.0,2.0,0.0,0.0,12,8
2341,nepaliporn.com,12.0,3.0,0.0,2.0,0.0,0.0,12,8
2342,jam.bz,16.0,3.0,0.0,2.0,0.0,0.0,23,11
2343,jphotelsearch.life,5.0,5.0,0.0,1.0,0.0,0.0,97,3
2344,tamizhpozhil.com,13.0,3.0,0.0,1.0,0.0,0.0,53,7
2345,roof-repair-jp-price.site,13.0,1.0,0.0,0.0,0.0,0.0,46,4
2346,seniorliving-germany.site,13.0,1.0,0.0,0.0,0.0,0.0,46,4
2347,hybridcars-discount-deals-jp.site,13.0,1.0,0.0,0.0,0.0,0.0,46,4
2348,safetyflights.com,19.0,4.0,0.0,0.0,0.0,0.0,174,6
2349,beachhouse-miyakojima.com,19.0,4.0,0.0,0.0,0.0,0.0,174,6
2350,xuideos.com,12.0,3.0,0.0,2.0,0.0,0.0,12,8
2351,woods0420.jp,19.0,4.0,0.0,0.0,0.0,0.0,174,6
2352,jobsdentistspros.co,5.0,5.0,0.0,1.0,0.0,0.0,97,3
2353,creditcards-express-today.com,13.0,1.0,0.0,0.0,0.0,0.0,46,4
2356,chinesesex.com,16.0,3.0,0.0,2.0,0.0,0.0,23,11
2357,frenchcum.com,9.0,2.0,0.0,2.0,0.0,0.0,26,10
2358,dentistjobfinder.site,5.0,5.0,0.0,1.0,0.0,0.0,97,3
2359,botoxhere.site,8.0,4.0,0.0,0.0,0.0,0.0,21,2
2360,hentaiporncenter.com,13.0,2.0,0.0,0.0,0.0,0.0,10,12
2361,unionsport.com,19.0,4.0,0.0,0.0,0.0,0.0,174,6
2362,nw237store.com,19.0,4.0,0.0,0.0,0.0,0.0,174,6
2363,japancreditcard.site,5.0,5.0,0.0,1.0,0.0,0.0,97,3
2364,caregiversjp.site,5.0,5.0,0.0,1.0,0.0,0.0,97,3
2365,careerforadentistfinder.co,5.0,5.0,0.0,1.0,0.0,0.0,97,3
2366,luxurywatchjp.club,5.0,5.0,0.0,1.0,0.0,0.0,97,3
2367,iandroidhacker.com,13.0,3.0,0.0,1.0,0.0,0.0,53,7
2368,soundbase555.com,19.0,4.0,0.0,0.0,0.0,0.0,174,6
2369,silver-ring.jp,19.0,4.0,0.0,0.0,0.0,0.0,174,6
2370,elremediomaseficaz.com,13.0,3.0,0.0,1.0,0.0,0.0,53,7
2371,ebusdtworks.net,14.0,3.0,0.0,0.0,0.0,0.0,17,5
2372,moxing.vet,18.0,2.0,0.0,0.0,0.0,0.0,30,9
2373,nikko-orgel.com,18.0,2.0,0.0,0.0,0.0,0.0,30,9
2375,statushunts.xyz,13.0,3.0,0.0,1.0,0.0,0.0,53,7
2376,nanaco.com,19.0,4.0,0.0,0.0,0.0,0.0,174,6
2377,adultnude.com,19.0,4.0,0.0,0.0,0.0,0.0,174,6
2378,toy-side3.com,19.0,4.0,0.0,0.0,0.0,0.0,174,6
2379,weekly-ads.us,12.0,1.0,0.0,9.0,0.0,0.0,35,0
2380,malaysiadateline.com,12.0,1.0,0.0,9.0,0.0,0.0,35,0
2381,xn--c1avfbif.tech,19.0,4.0,0.0,0.0,0.0,0.0,174,6
2382,shopeer.com.br,19.0,4.0,0.0,0.0,0.0,0.0,174,6
2383,nudevid.eu,19.0,4.0,0.0,0.0,0.0,0.0,174,6
2384,100cum.com,19.0,4.0,0.0,0.0,0.0,0.0,174,6
2385,creditcardsjp.life,5.0,5.0,0.0,1.0,0.0,0.0,97,3
2386,jppsychiatrist.life,5.0,5.0,0.0,1.0,0.0,0.0,97,3
2387,pharmacyjobsjp.life,5.0,5.0,0.0,1.0,0.0,0.0,97,3
2388,funeralsjp.club,5.0,5.0,0.0,1.0,0.0,0.0,97,3
2389,remote-jobs-search.club,8.0,4.0,0.0,0.0,0.0,0.0,21,2
2390,jp-luxurywatches.site,13.0,1.0,0.0,0.0,0.0,0.0,46,4
2391,thepornhub.com,19.0,4.0,0.0,0.0,0.0,0.0,174,6
2392,lolhentai.pro,19.0,4.0,0.0,0.0,0.0,0.0,174,6
2393,secret02.com,19.0,4.0,0.0,0.0,0.0,0.0,174,6
2394,roofinginstall1jp.club,5.0,5.0,0.0,1.0,0.0,0.0,97,3
2395,luxurywatchesjp.life,5.0,5.0,0.0,1.0,0.0,0.0,97,3
2396,luxurywatchesinjp.life,5.0,5.0,0.0,1.0,0.0,0.0,97,3
2397,campervanjp.club,5.0,5.0,0.0,1.0,0.0,0.0,97,3
2398,deliverydriverjobsjp.life,5.0,5.0,0.0,1.0,0.0,0.0,97,3
2399,pornmom.online,13.0,3.0,0.0,2.0,0.0,0.0,11,1
2400,travelvacationhomes1.space,13.0,1.0,0.0,0.0,0.0,0.0,46,4
2401,fasco-cs.com,19.0,4.0,0.0,0.0,0.0,0.0,174,6
2402,fivvr.com,9.0,2.0,0.0,2.0,0.0,0.0,26,10
2403,rvcamperjp.life,5.0,5.0,0.0,1.0,0.0,0.0,97,3
2405,akrawat.com,13.0,3.0,0.0,1.0,0.0,0.0,53,7
2406,baseblay.co,19.0,4.0,0.0,0.0,0.0,0.0,174,6
2407,yonaguni-arveyan.jp,19.0,4.0,0.0,0.0,0.0,0.0,174,6
2408,ikiikihiroba.jp,19.0,4.0,0.0,0.0,0.0,0.0,174,6
2409,52yzm.top,19.0,4.0,0.0,0.0,0.0,0.0,174,6
2410,crocheting.com,19.0,4.0,0.0,0.0,0.0,0.0,174,6
2411,po-chat.jp,19.0,4.0,0.0,0.0,0.0,0.0,174,6
2412,spbrandshop.net,16.0,3.0,0.0,2.0,0.0,0.0,23,11
2413,xviddos.com,18.0,2.0,0.0,0.0,0.0,0.0,30,9
2414,waku.net,16.0,3.0,0.0,2.0,0.0,0.0,23,11
2415,taxi-drivers-query.life,5.0,5.0,0.0,1.0,0.0,0.0,97,3
2416,cross-mode.com,19.0,4.0,0.0,0.0,0.0,0.0,174,6
2417,life-mbic.com,9.0,2.0,0.0,2.0,0.0,0.0,26,10
2418,jcai18.com,14.0,3.0,0.0,0.0,0.0,0.0,17,5
2419,c3-amazon.top,14.0,3.0,0.0,0.0,0.0,0.0,17,5
2420,japanesecreditcards.com,8.0,4.0,0.0,0.0,0.0,0.0,21,2
2421,japanesecreditcard.com,8.0,4.0,0.0,0.0,0.0,0.0,21,2
2422,chaturbate-token-hack-4u.com,19.0,4.0,0.0,0.0,0.0,0.0,174,6
2423,hotindia.cyou,19.0,4.0,0.0,0.0,0.0,0.0,174,6
2424,netify.app,19.0,4.0,0.0,0.0,0.0,0.0,174,6
2425,smaile-etc.jp,19.0,4.0,0.0,0.0,0.0,0.0,174,6
2426,jaben.net,19.0,4.0,0.0,0.0,0.0,0.0,174,6
2427,pocketmoney.de,18.0,2.0,0.0,0.0,0.0,0.0,30,9
2428,fsolver.fr,12.0,1.0,0.0,9.0,0.0,0.0,35,0
2429,prizedraw-us.xyz,9.0,2.0,0.0,2.0,0.0,0.0,26,10
2430,babenackte.online,18.0,2.0,0.0,0.0,0.0,0.0,30,9
2431,xn--m-fwm.com,19.0,4.0,0.0,0.0,0.0,0.0,174,6
2433,poplarsurgery.com,9.0,2.0,0.0,2.0,0.0,0.0,26,10
2434,jinko-kansetsu.info,14.0,3.0,0.0,0.0,0.0,0.0,17,5
2435,youbanks.biz,16.0,3.0,0.0,2.0,0.0,0.0,23,11
2436,krisevansbelami.com,16.0,3.0,0.0,2.0,0.0,0.0,23,11
2437,tokyogay.com,16.0,3.0,0.0,2.0,0.0,0.0,23,11
2438,westrivertv.com,16.0,3.0,0.0,2.0,0.0,0.0,23,11
2439,yokomizoland.com,18.0,2.0,0.0,0.0,0.0,0.0,30,9
2440,japanlaptopdealsnow.site,5.0,5.0,0.0,1.0,0.0,0.0,97,3
2441,casinomc.com,13.0,3.0,0.0,1.0,0.0,0.0,53,7
2442,hitomitanakaxxx.com,13.0,3.0,0.0,1.0,0.0,0.0,53,7
2443,proncub.com,19.0,4.0,0.0,0.0,0.0,0.0,174,6
2444,lovesamurai.info,19.0,4.0,0.0,0.0,0.0,0.0,174,6
2445,babu.tokyo,19.0,4.0,0.0,0.0,0.0,0.0,174,6
2446,foty.com,19.0,4.0,0.0,0.0,0.0,0.0,174,6
2447,duqing1.xyz,13.0,3.0,0.0,2.0,0.0,0.0,11,1
2448,60sjobs-jp.space,13.0,1.0,0.0,0.0,0.0,0.0,46,4
2449,highpayingtruckingjobs-open.space,13.0,1.0,0.0,0.0,0.0,0.0,46,4
2450,kittygamez.com,12.0,1.0,0.0,9.0,0.0,0.0,35,0
2452,snap.jp,18.0,2.0,0.0,0.0,0.0,0.0,30,9
2453,nursing-jobs-search.life,5.0,5.0,0.0,1.0,0.0,0.0,97,3
2455,hellojob.work,13.0,3.0,0.0,1.0,0.0,0.0,53,7
2456,rufllmi.online,19.0,4.0,0.0,0.0,0.0,0.0,174,6
2457,whitefarm.jp,19.0,4.0,0.0,0.0,0.0,0.0,174,6
2458,lifestudy.co.kr,12.0,1.0,0.0,9.0,0.0,0.0,35,0
2459,kacle.com,12.0,1.0,0.0,9.0,0.0,0.0,35,0
2460,00mmd.org,19.0,4.0,0.0,0.0,0.0,0.0,174,6
2461,kingstone.com,18.0,2.0,0.0,0.0,0.0,0.0,30,9
2462,otome-ff.jp,19.0,4.0,0.0,0.0,0.0,0.0,174,6
2463,3dsrompspromdownload.jp,19.0,4.0,0.0,0.0,0.0,0.0,174,6
2464,cordless-vacuum-jp.life,5.0,5.0,0.0,1.0,0.0,0.0,97,3
2465,jobstreet47.com,13.0,3.0,0.0,1.0,0.0,0.0,53,7
2473,tpnnational.com,12.0,1.0,0.0,9.0,0.0,0.0,35,0
2474,jobzzsearch.com,13.0,3.0,0.0,1.0,0.0,0.0,53,7
2475,hachimanga.com,13.0,3.0,0.0,1.0,0.0,0.0,53,7
2479,jeja.pl,12.0,1.0,0.0,9.0,0.0,0.0,35,0
2483,worldorgs.com,12.0,1.0,0.0,9.0,0.0,0.0,35,0
2487,homeppt.com,12.0,1.0,0.0,9.0,0.0,0.0,35,0
2502,hardreset.info,12.0,1.0,0.0,9.0,0.0,0.0,35,0
2635,xiaoheimi.net,27.0,1.0,2.0,9.0,0.0,0.0,94,13
2636,themisterfinance.com,42.0,1.0,2.0,9.0,0.0,0.0,34,14
2637,senhorfinancas.com,42.0,1.0,2.0,9.0,0.0,0.0,34,14
2638,topwomenmag.com,27.0,1.0,2.0,9.0,0.0,0.0,94,13
2639,money-funny.com,27.0,1.0,2.0,9.0,0.0,0.0,94,13
2640,ddxs.com,27.0,1.0,2.0,9.0,0.0,0.0,94,13
2641,xinetwork.co,27.0,1.0,2.0,9.0,0.0,0.0,94,13
2642,moyens.net,27.0,1.0,2.0,9.0,0.0,0.0,94,13
2643,health06.com,27.0,1.0,2.0,9.0,0.0,0.0,94,13
2644,gogoanime.nl,27.0,1.0,2.0,9.0,0.0,0.0,94,13
2645,todocanada.ca,42.0,1.0,2.0,9.0,0.0,0.0,34,14
2646,brainly.in,42.0,1.0,2.0,9.0,0.0,0.0,34,14
2647,brainly.com,42.0,1.0,2.0,9.0,0.0,0.0,34,14
2648,mcreader.net,28.0,1.0,2.0,9.0,0.0,0.0,60,13
2649,wahjobqueen.com,42.0,1.0,2.0,9.0,0.0,0.0,34,14
2650,vos-promos.fr,42.0,1.0,2.0,9.0,0.0,0.0,34,14
2651,finviz.com,27.0,1.0,2.0,9.0,0.0,0.0,94,13
2652,lawyersfavorite.com,27.0,1.0,2.0,9.0,0.0,0.0,94,13
2654,disboard.org,42.0,1.0,2.0,9.0,0.0,0.0,34,14
2655,signal-arnaques.com,42.0,1.0,2.0,9.0,0.0,0.0,34,14
2656,servers-minecraft.net,27.0,1.0,2.0,9.0,0.0,0.0,94,13
2657,tuneround.com,27.0,1.0,2.0,9.0,0.0,0.0,94,13
2658,jpnumber.com,27.0,1.0,2.0,9.0,0.0,0.0,94,13
2659,51h5.online,28.0,1.0,2.0,9.0,0.0,0.0,60,13
2660,aternos.org,42.0,1.0,2.0,9.0,0.0,0.0,34,14
2661,curseforge.com,42.0,1.0,2.0,9.0,0.0,0.0,34,14
2662,15track.com,28.0,1.0,2.0,9.0,0.0,0.0,60,13
2663,freeforums.net,28.0,1.0,2.0,9.0,0.0,0.0,60,13
2664,seehua.com,28.0,1.0,2.0,9.0,0.0,0.0,60,13
2665,gameflare.com,42.0,1.0,2.0,9.0,0.0,0.0,34,14
2666,igram.io,42.0,1.0,2.0,9.0,0.0,0.0,34,14
2667,tiermaker.com,28.0,1.0,2.0,9.0,0.0,0.0,60,13
2668,scamdoc.com,42.0,1.0,2.0,9.0,0.0,0.0,34,14
2669,1stkissmanga.io,28.0,1.0,2.0,9.0,0.0,0.0,60,13
2670,namu.wiki,42.0,1.0,2.0,9.0,0.0,0.0,34,14
2672,pr3ins8.com,716.0,292.0,2.0,313.0,6.0,41.0,55,15
2673,healthcare1314.com,716.0,292.0,2.0,313.0,6.0,41.0,55,15
2674,hhens.top,724.0,308.0,2.0,313.0,6.0,57.0,55,15
2675,emeaa.top,724.0,308.0,2.0,313.0,6.0,57.0,55,15
2676,reetc.top,724.0,308.0,2.0,313.0,6.0,57.0,55,15
2677,tscrn.top,724.0,308.0,2.0,313.0,6.0,57.0,55,15
2678,uisnl.top,724.0,308.0,2.0,313.0,6.0,57.0,55,15
2679,hmtme.top,724.0,308.0,2.0,313.0,6.0,57.0,55,15
2680,rohht.top,724.0,308.0,2.0,313.0,6.0,57.0,55,15
2681,ceree.top,724.0,308.0,2.0,313.0,6.0,57.0,55,15
2682,enfme.top,719.0,298.0,2.0,313.0,6.0,47.0,55,15
2683,car1nsurace001.com,722.0,304.0,2.0,313.0,6.0,53.0,55,15
2684,nmmeo.top,724.0,308.0,2.0,313.0,6.0,57.0,55,15
2685,yeafk.top,724.0,308.0,2.0,313.0,6.0,57.0,55,15
2686,lawf0rce666.com,719.0,297.0,2.0,313.0,6.0,46.0,55,15
2687,bizreviews100.com,720.0,293.0,2.0,313.0,7.0,42.0,55,15
2688,neeao.top,720.0,293.0,2.0,313.0,7.0,42.0,55,15
2689,aeeoo.top,720.0,293.0,2.0,313.0,7.0,42.0,55,15
2690,ohrns.top,720.0,293.0,2.0,313.0,7.0,42.0,55,15
2691,sefel.top,720.0,293.0,2.0,313.0,7.0,42.0,55,15
2692,isoen.top,720.0,293.0,2.0,313.0,7.0,42.0,55,15
2693,bfeeo.top,720.0,293.0,2.0,313.0,7.0,42.0,55,15
2694,1nstips360.com,692.0,294.0,2.0,300.0,10.0,45.0,49,16
2695,feldo.top,690.0,294.0,2.0,300.0,16.0,55.0,46,16
2696,scacs.top,690.0,294.0,2.0,300.0,16.0,55.0,46,16
2697,rstne.top,690.0,294.0,2.0,300.0,16.0,55.0,46,16
2698,cyinr.top,690.0,294.0,2.0,300.0,16.0,55.0,46,16
2699,ryeaf.top,690.0,294.0,2.0,300.0,16.0,55.0,46,16
2700,bigh3althcare360.com,690.0,294.0,2.0,300.0,16.0,55.0,46,16
2701,hbclu.top,690.0,294.0,2.0,300.0,16.0,55.0,46,16
2702,wiens.top,690.0,294.0,2.0,300.0,16.0,55.0,46,16
2703,tchet.top,690.0,294.0,2.0,300.0,16.0,55.0,46,16
2704,xhhfj.top,695.0,300.0,2.0,300.0,18.0,51.0,46,16
2705,ytmod.top,695.0,300.0,2.0,300.0,18.0,51.0,46,16
2706,anmme.top,695.0,300.0,2.0,300.0,18.0,51.0,46,16
2707,amseo.top,720.0,293.0,2.0,313.0,7.0,42.0,55,15
2708,ernna.top,720.0,293.0,2.0,313.0,7.0,42.0,55,15
2709,sumha.top,719.0,297.0,2.0,313.0,6.0,46.0,55,15
2710,mymhn.top,719.0,297.0,2.0,313.0,6.0,46.0,55,15
2711,cwgue.top,719.0,297.0,2.0,313.0,6.0,46.0,55,15
2712,hwhtd.top,719.0,297.0,2.0,313.0,6.0,46.0,55,15
2713,feeon.top,719.0,297.0,2.0,313.0,6.0,46.0,55,15
2714,flnrr.top,719.0,297.0,2.0,313.0,6.0,46.0,55,15
2715,licre.top,719.0,297.0,2.0,313.0,6.0,46.0,55,15
2716,premins8.com,716.0,292.0,2.0,313.0,6.0,41.0,55,15
2717,osiee.top,716.0,292.0,2.0,313.0,6.0,41.0,55,15
2718,tangtangplay.com,691.0,292.0,2.0,300.0,8.0,43.0,48,16
2719,naehw.top,691.0,292.0,2.0,300.0,8.0,43.0,48,16
2720,lcnor.top,691.0,292.0,2.0,300.0,8.0,43.0,48,16
2721,waens.top,719.0,298.0,2.0,313.0,6.0,47.0,55,15
2722,promedicareonline.com,719.0,298.0,2.0,313.0,6.0,47.0,55,15
2723,eaoaa.top,719.0,298.0,2.0,313.0,6.0,47.0,55,15
2724,stnoa.top,719.0,298.0,2.0,313.0,6.0,47.0,55,15
2725,dafln.top,719.0,298.0,2.0,313.0,6.0,47.0,55,15
2726,ntrep.top,719.0,298.0,2.0,313.0,6.0,47.0,55,15
2727,sahtw.top,719.0,298.0,2.0,313.0,6.0,47.0,55,15
2728,ryrsc.top,695.0,300.0,2.0,300.0,18.0,51.0,46,16
2729,zzqs.top,695.0,300.0,2.0,300.0,18.0,51.0,46,16
2730,finadvice365.com,696.0,302.0,2.0,302.0,18.0,51.0,46,16
2731,ttgrw.top,695.0,300.0,2.0,300.0,18.0,51.0,46,16
2732,niott.top,695.0,300.0,2.0,300.0,18.0,51.0,46,16
2733,tropd.top,695.0,300.0,2.0,300.0,18.0,51.0,46,16
2734,rafcc.top,695.0,300.0,2.0,300.0,18.0,51.0,46,16
2735,buhd.top,695.0,300.0,2.0,300.0,18.0,51.0,46,16
2736,nllan.top,695.0,300.0,2.0,300.0,18.0,51.0,46,16
2737,buhz.top,695.0,300.0,2.0,300.0,18.0,51.0,46,16
2738,snwhh.top,690.0,294.0,2.0,300.0,16.0,55.0,46,16
2739,bighealthcare360.com,690.0,294.0,2.0,300.0,16.0,55.0,46,16
2740,anawt.top,690.0,294.0,2.0,300.0,16.0,55.0,46,16
2741,hbiwr.top,690.0,294.0,2.0,300.0,16.0,55.0,46,16
2742,dkuie.top,690.0,294.0,2.0,300.0,16.0,55.0,46,16
2743,cavnm.top,690.0,294.0,2.0,300.0,16.0,55.0,46,16
2744,wtthn.top,690.0,294.0,2.0,300.0,16.0,55.0,46,16
2745,bofns.top,690.0,294.0,2.0,300.0,16.0,55.0,46,16
2746,nsfbo.top,690.0,294.0,2.0,300.0,16.0,55.0,46,16
2747,bizdegreeonline.com,690.0,294.0,2.0,300.0,14.0,55.0,46,16
2748,woodo.top,690.0,294.0,2.0,300.0,16.0,55.0,46,16
2749,dockb.top,724.0,308.0,2.0,313.0,6.0,57.0,55,15
2750,oodoc.top,724.0,308.0,2.0,313.0,6.0,57.0,55,15
2751,mhrre.top,724.0,308.0,2.0,313.0,6.0,57.0,55,15
2752,nmutb.top,724.0,308.0,2.0,313.0,6.0,57.0,55,15
2753,eevhe.top,724.0,308.0,2.0,313.0,6.0,57.0,55,15
2754,cohae.top,724.0,308.0,2.0,313.0,6.0,57.0,55,15
2755,sdlku.top,724.0,308.0,2.0,313.0,6.0,57.0,55,15
2756,ahttr.top,724.0,308.0,2.0,313.0,6.0,57.0,55,15
2757,zxmy.top,695.0,300.0,2.0,300.0,18.0,51.0,46,16
2758,natro.top,695.0,300.0,2.0,300.0,18.0,51.0,46,16
2759,urhtu.top,695.0,300.0,2.0,300.0,18.0,51.0,46,16
2760,hhnat.top,695.0,300.0,2.0,300.0,18.0,51.0,46,16
2761,thrcc.top,695.0,300.0,2.0,300.0,18.0,51.0,46,16
2762,thnor.top,690.0,294.0,2.0,300.0,16.0,55.0,46,16
2763,whhna.top,695.0,300.0,2.0,300.0,18.0,51.0,46,16
2764,cnsus.top,690.0,294.0,2.0,300.0,16.0,55.0,46,16
2765,ntmcb.top,690.0,294.0,2.0,300.0,16.0,55.0,46,16
2766,ransc.top,690.0,294.0,2.0,300.0,16.0,55.0,46,16
2767,lirdt.top,690.0,294.0,2.0,300.0,16.0,55.0,46,16
2768,cothr.top,695.0,300.0,2.0,300.0,18.0,51.0,46,16
2771,goldtax4.com,724.0,308.0,2.0,313.0,6.0,57.0,55,15
2772,anwiw.top,724.0,308.0,2.0,313.0,6.0,57.0,55,15
2773,reane.top,724.0,308.0,2.0,313.0,6.0,57.0,55,15
2774,lawforce666.com,719.0,297.0,2.0,313.0,6.0,46.0,55,15
2775,carinsurance001.com,722.0,304.0,2.0,313.0,6.0,53.0,55,15
2776,snlla.top,724.0,308.0,2.0,313.0,6.0,57.0,55,15
2778,blisscoupon.com,27.0,1.0,2.0,9.0,0.0,0.0,94,13
2781,trendri.com,27.0,1.0,2.0,9.0,0.0,0.0,94,13
2784,jobsguidehub.com,27.0,1.0,2.0,9.0,0.0,0.0,94,13
2785,gamejoystick.com,42.0,1.0,2.0,9.0,0.0,0.0,34,14
2787,greenthreelife.com,27.0,1.0,2.0,9.0,0.0,0.0,94,13
2788,hatauzmani.com,27.0,1.0,2.0,9.0,0.0,0.0,94,13
2790,freeonlinephone.org,27.0,1.0,2.0,9.0,0.0,0.0,94,13
2791,buzzaura.com,42.0,1.0,2.0,9.0,0.0,0.0,34,14
2793,tv-ranking.com,27.0,1.0,2.0,9.0,0.0,0.0,94,13
2794,popsilla.com,42.0,1.0,2.0,9.0,0.0,0.0,34,14
2796,tracker.network,28.0,1.0,2.0,9.0,0.0,0.0,60,13
2797,expertini.com,27.0,1.0,2.0,9.0,0.0,0.0,94,13
2799,hotdeals.com,28.0,1.0,2.0,9.0,0.0,0.0,60,13
2800,quizlet.com,28.0,1.0,2.0,9.0,0.0,0.0,60,13
2803,soo-healthy.com,27.0,1.0,2.0,9.0,0.0,0.0,94,13
2804,romspure.cc,42.0,1.0,2.0,9.0,0.0,0.0,34,14
2805,merodic.com,27.0,1.0,2.0,9.0,0.0,0.0,94,13
2806,philstar.com,27.0,1.0,2.0,9.0,0.0,0.0,94,13
2809,traveltips.cc,27.0,1.0,2.0,9.0,0.0,0.0,94,13
2811,mixjuice.info,42.0,1.0,2.0,9.0,0.0,0.0,34,14
2813,temporary-mail.net,27.0,1.0,2.0,9.0,0.0,0.0,94,13
2816,spot-the-difference.info,27.0,1.0,2.0,9.0,0.0,0.0,94,13
2817,machi.to,28.0,1.0,2.0,9.0,0.0,0.0,60,13
2818,vfxalll.com,27.0,1.0,2.0,9.0,0.0,0.0,94,13
2819,megane-meitengai.com,27.0,1.0,2.0,9.0,0.0,0.0,94,13
2820,joblum.com,42.0,1.0,2.0,9.0,0.0,0.0,34,14
2823,couponpac.com,42.0,1.0,2.0,9.0,0.0,0.0,34,14
2828,marshmallow-qa.com,28.0,1.0,2.0,9.0,0.0,0.0,60,13
2830,astrologiez.com,42.0,1.0,2.0,9.0,0.0,0.0,34,14
2833,publicdomainpictures.net,28.0,1.0,2.0,9.0,0.0,0.0,60,13
2834,cnews.com.tw,27.0,1.0,2.0,9.0,0.0,0.0,94,13
2835,romsfun.com,42.0,1.0,2.0,9.0,0.0,0.0,34,14
2836,cmmedia.com.tw,27.0,1.0,2.0,9.0,0.0,0.0,94,13
2837,stringfixer.com,27.0,1.0,2.0,9.0,0.0,0.0,94,13
2838,embassy-worldwide.com,27.0,1.0,2.0,9.0,0.0,0.0,94,13
2840,gamertweak.com,27.0,1.0,2.0,9.0,0.0,0.0,94,13
2842,healthbbc.com,27.0,1.0,2.0,9.0,0.0,0.0,94,13
2843,buzzfond.com,42.0,1.0,2.0,9.0,0.0,0.0,34,14
2844,hiappo.com,42.0,1.0,2.0,9.0,0.0,0.0,34,14
2845,voxiom.io,28.0,1.0,2.0,9.0,0.0,0.0,60,13
2846,tarta.ai,42.0,1.0,2.0,9.0,0.0,0.0,34,14
2847,bico8.com,42.0,1.0,2.0,9.0,0.0,0.0,34,14
2850,tracker.gg,28.0,1.0,2.0,9.0,0.0,0.0,60,13
2967,translatiz.com,13.0,3.0,3.0,6.0,0.0,2.0,28,17
2968,grouponefreedomcard.com,13.0,3.0,3.0,6.0,0.0,2.0,28,17
2970,lotterypost.com,13.0,3.0,3.0,6.0,0.0,2.0,28,17
2971,tipsnepal.com,27.0,1.0,3.0,9.0,0.0,0.0,89,13
2972,ilestencoretemps.fr,13.0,3.0,3.0,6.0,0.0,2.0,28,17
2973,miroir-mag.fr,27.0,1.0,3.0,9.0,0.0,0.0,89,13
2974,zypmore.com,27.0,1.0,3.0,9.0,0.0,0.0,89,13
2975,hotlegit.com,27.0,1.0,3.0,9.0,0.0,0.0,89,13
2976,governmentofcanadajobs.com,27.0,1.0,3.0,9.0,0.0,0.0,89,13
2977,coaster101.com,27.0,1.0,3.0,9.0,0.0,0.0,89,13
2978,vivaocredito.com.br,27.0,1.0,3.0,9.0,0.0,0.0,89,13
2979,genyotech.com,28.0,1.0,3.0,9.0,0.0,0.0,55,13
2980,kilo.jp,12.0,3.0,3.0,0.0,0.0,0.0,22,18
2981,atualidades.club,27.0,1.0,3.0,9.0,0.0,0.0,89,13
2982,piku.co.kr,28.0,1.0,3.0,9.0,0.0,0.0,55,13
2983,topluxlife.com,27.0,1.0,3.0,9.0,0.0,0.0,89,13
2984,kknews.cc,13.0,3.0,3.0,6.0,0.0,2.0,28,17
2985,needhelppayingbills.com,13.0,3.0,3.0,6.0,0.0,2.0,28,17
2986,chips.jp,12.0,3.0,3.0,0.0,0.0,0.0,22,18
2987,gamedeals.io,42.0,1.0,3.0,9.0,0.0,0.0,34,14
2988,lomo.jp,12.0,3.0,3.0,0.0,0.0,0.0,22,18
2989,her.jp,12.0,3.0,3.0,0.0,0.0,0.0,22,18
2990,meritplatinum.com,13.0,3.0,3.0,6.0,0.0,2.0,28,17
2991,main.jp,12.0,3.0,3.0,0.0,0.0,0.0,22,18
2992,chu.jp,12.0,3.0,3.0,0.0,0.0,0.0,22,18
2993,vivian.jp,12.0,3.0,3.0,0.0,0.0,0.0,22,18
2994,daa.jp,12.0,3.0,3.0,0.0,0.0,0.0,22,18
2995,inf.news,13.0,3.0,3.0,6.0,0.0,2.0,28,17
2996,moo.jp,12.0,3.0,3.0,0.0,0.0,0.0,22,18
2997,boo.jp,12.0,3.0,3.0,0.0,0.0,0.0,22,18
2998,base.ly,13.0,3.0,3.0,6.0,0.0,2.0,28,17
2999,fem.jp,12.0,3.0,3.0,0.0,0.0,0.0,22,18
3000,playmarket.com,42.0,1.0,3.0,9.0,0.0,0.0,34,14
3001,happymh.com,13.0,3.0,3.0,6.0,0.0,2.0,28,17
3002,gralon.net,28.0,1.0,3.0,9.0,0.0,0.0,55,13
3003,secret.jp,12.0,3.0,3.0,0.0,0.0,0.0,22,18
3004,apkpure.com,28.0,1.0,3.0,9.0,0.0,0.0,55,13
3005,fool.jp,12.0,3.0,3.0,0.0,0.0,0.0,22,18
3006,ciao.jp,12.0,3.0,3.0,0.0,0.0,0.0,22,18
3007,oops.jp,12.0,3.0,3.0,0.0,0.0,0.0,22,18
3008,linovelib.com,13.0,3.0,3.0,6.0,0.0,2.0,28,17
3009,sub.jp,12.0,3.0,3.0,0.0,0.0,0.0,22,18
3010,kbaseball.net,12.0,3.0,3.0,0.0,0.0,0.0,22,18
3011,lovepop.jp,12.0,3.0,3.0,0.0,0.0,0.0,22,18
3012,holy.jp,12.0,3.0,3.0,0.0,0.0,0.0,22,18
3013,tvmn.info,12.0,3.0,3.0,0.0,0.0,0.0,22,18
3014,pickyourown.org,27.0,1.0,3.0,9.0,0.0,0.0,89,13
3015,islambook.com,27.0,1.0,3.0,9.0,0.0,0.0,89,13
3016,airfleets.net,28.0,1.0,3.0,9.0,0.0,0.0,55,13
3019,tangfinance.com,717.0,294.0,3.0,313.0,6.0,43.0,55,15
3020,joe2.net,12.0,3.0,3.0,0.0,0.0,0.0,22,18
3021,mscreated.com,12.0,3.0,3.0,0.0,0.0,0.0,22,18
3022,freeilm.com,13.0,3.0,3.0,6.0,0.0,2.0,28,17
3023,ssatripura.com,13.0,3.0,3.0,6.0,0.0,2.0,28,17
3024,fordauthority.com,13.0,3.0,3.0,6.0,0.0,2.0,28,17
3025,olympusscanlation.com,13.0,3.0,3.0,6.0,0.0,2.0,28,17
3026,asiatvd.online,13.0,3.0,3.0,6.0,0.0,2.0,28,17
3027,wholesomeyum.com,13.0,3.0,3.0,6.0,0.0,2.0,28,17
3028,truepeoplesearch.com,13.0,3.0,3.0,6.0,0.0,2.0,28,17
3029,ravenmanga.xyz,13.0,3.0,3.0,6.0,0.0,2.0,28,17
3030,y3600.cc,13.0,3.0,3.0,6.0,0.0,2.0,28,17
3031,planefinder.net,13.0,3.0,3.0,6.0,0.0,2.0,28,17
3032,empleosdirect.com,13.0,3.0,3.0,6.0,0.0,2.0,28,17
3035,boostplatinum.com,13.0,3.0,3.0,6.0,0.0,2.0,28,17
3036,focusgoldcard.com,13.0,3.0,3.0,6.0,0.0,2.0,28,17
3037,insomniasweeps.com,13.0,3.0,3.0,6.0,0.0,2.0,28,17
3038,amigosmadrid.es,27.0,1.0,3.0,9.0,0.0,0.0,89,13
3040,paidsurveyupdate.com,27.0,1.0,3.0,9.0,0.0,0.0,89,13
3041,creerentreprise.fr,27.0,1.0,3.0,9.0,0.0,0.0,89,13
3042,bongdahub.net,27.0,1.0,3.0,9.0,0.0,0.0,89,13
3044,bspeedtest.jp,27.0,1.0,3.0,9.0,0.0,0.0,89,13
3045,acgbox.link,27.0,1.0,3.0,9.0,0.0,0.0,89,13
3047,racaty.net,27.0,1.0,3.0,9.0,0.0,0.0,89,13
3049,subscribercounter.com,27.0,1.0,3.0,9.0,0.0,0.0,89,13
3052,plicy.net,27.0,1.0,3.0,9.0,0.0,0.0,89,13
3053,kologame.com,27.0,1.0,3.0,9.0,0.0,0.0,89,13
3055,aniphorism.com,27.0,1.0,3.0,9.0,0.0,0.0,89,13
3058,snapjobsearch.com,27.0,1.0,3.0,9.0,0.0,0.0,89,13
3059,poipiku.com,27.0,1.0,3.0,9.0,0.0,0.0,89,13
3060,latestjobopening.com,27.0,1.0,3.0,9.0,0.0,0.0,89,13
3062,1stkissnovel.love,42.0,1.0,3.0,9.0,0.0,0.0,34,14
3063,healthnatural.co.uk,42.0,1.0,3.0,9.0,0.0,0.0,34,14
3064,wp-benricho.com,27.0,1.0,3.0,9.0,0.0,0.0,89,13
3065,namaeuranai.biz,27.0,1.0,3.0,9.0,0.0,0.0,89,13
3066,topbusines.com,27.0,1.0,3.0,9.0,0.0,0.0,89,13
3068,baeldung.com,28.0,1.0,3.0,9.0,0.0,0.0,55,13
3070,mybrowseraddon.com,27.0,1.0,3.0,9.0,0.0,0.0,89,13
3071,newdelhiairport.in,42.0,1.0,3.0,9.0,0.0,0.0,34,14
3072,topmanfun.com,27.0,1.0,3.0,9.0,0.0,0.0,89,13
3073,audiotools.in,27.0,1.0,3.0,9.0,0.0,0.0,89,13
3074,ghanaweb.com,27.0,1.0,3.0,9.0,0.0,0.0,89,13
3075,ff14wiki.info,27.0,1.0,3.0,9.0,0.0,0.0,89,13
3077,kites.vn,27.0,1.0,3.0,9.0,0.0,0.0,89,13
3079,uniteapi.dev,28.0,1.0,3.0,9.0,0.0,0.0,55,13
3080,storiesdown.com,27.0,1.0,3.0,9.0,0.0,0.0,89,13
3081,gmauthority.com,42.0,1.0,3.0,9.0,0.0,0.0,34,14
3082,farsiland.com,27.0,1.0,3.0,9.0,0.0,0.0,89,13
3083,talkbasket.net,27.0,1.0,3.0,9.0,0.0,0.0,89,13
3084,arcadespot.com,27.0,1.0,3.0,9.0,0.0,0.0,89,13
3085,4meahc.com,27.0,1.0,3.0,9.0,0.0,0.0,89,13
3086,twpiaotians.com,13.0,3.0,3.0,6.0,0.0,2.0,28,17
3087,kuku.lu,28.0,1.0,3.0,9.0,0.0,0.0,55,13
3088,comicabc.com,13.0,3.0,3.0,6.0,0.0,2.0,28,17
3089,recruitmenttrust.com,27.0,1.0,3.0,9.0,0.0,0.0,89,13
3090,steamxo.com,13.0,3.0,3.0,6.0,0.0,2.0,28,17
3091,lightnovelworld.com,28.0,1.0,3.0,9.0,0.0,0.0,55,13
3094,cauthu.com.vn,27.0,1.0,3.0,9.0,0.0,0.0,89,13
3095,rtmaddon-search.com,27.0,1.0,3.0,9.0,0.0,0.0,89,13
3097,chordwiki.org,28.0,1.0,3.0,9.0,0.0,0.0,55,13
3098,ngojobsite.com,27.0,1.0,3.0,9.0,0.0,0.0,89,13
3099,animemanganews.com,27.0,1.0,3.0,9.0,0.0,0.0,89,13
6261,topnews321.com,68.0,27.0,21.0,86.0,2.0,25.0,28,19
6262,renovmo.com,68.0,27.0,21.0,86.0,2.0,25.0,28,19
6263,recipes-forfood.com,68.0,27.0,21.0,86.0,2.0,25.0,28,19
6264,pretty-myhealth.com,68.0,27.0,21.0,86.0,2.0,25.0,28,19
6265,likehealth21.com,68.0,27.0,21.0,86.0,2.0,25.0,28,19
6266,gyyplay.com,68.0,27.0,21.0,86.0,2.0,25.0,28,19
6267,feagreat.com,68.0,27.0,21.0,86.0,2.0,25.0,28,19
6268,yeereader.com,68.0,27.0,21.0,86.0,2.0,25.0,28,19
6269,jpfunvideo.com,68.0,27.0,21.0,86.0,2.0,25.0,28,19
6270,rifusy.com,68.0,27.0,21.0,86.0,2.0,25.0,28,19
6271,rorohope.com,68.0,27.0,21.0,86.0,2.0,25.0,28,19
6272,pock2342.com,68.0,27.0,21.0,86.0,2.0,25.0,28,19
6273,55likegame.com,68.0,27.0,21.0,86.0,2.0,25.0,28,19
6274,gasfullnews.com,278.0,111.0,21.0,59.0,6.0,32.0,13,20
6275,wabgo.com,278.0,111.0,21.0,59.0,6.0,32.0,13,20
6281,hhitt.top,187.0,87.0,21.0,108.0,15.0,61.0,18,21
6282,wrstn.top,187.0,87.0,21.0,108.0,15.0,61.0,18,21
6283,frohh.top,187.0,87.0,21.0,108.0,15.0,61.0,18,21
6284,unbfd.top,187.0,87.0,21.0,108.0,15.0,61.0,18,21
6285,ereet.top,187.0,87.0,21.0,108.0,15.0,61.0,18,21
6286,ritch.top,187.0,87.0,21.0,108.0,15.0,61.0,18,21
6287,eetcb.top,187.0,87.0,21.0,108.0,15.0,61.0,18,21
6288,meaog.top,187.0,87.0,21.0,108.0,15.0,61.0,18,21
6300,dauo.top,187.0,87.0,21.0,108.0,15.0,61.0,18,21
6301,ceoq.top,187.0,87.0,21.0,108.0,15.0,61.0,18,21
6302,mamababy6.com,68.0,27.0,21.0,86.0,2.0,25.0,28,19
6303,yang0602.com,68.0,27.0,21.0,86.0,2.0,25.0,28,19
6304,mrshyacinth.com,68.0,27.0,21.0,86.0,2.0,25.0,28,19
6305,fighthard415.com,68.0,27.0,21.0,86.0,2.0,25.0,28,19
6306,noticiasdicas.com,68.0,27.0,21.0,86.0,2.0,25.0,28,19
6307,knifetipster.com,68.0,27.0,21.0,86.0,2.0,25.0,28,19
6308,nofail8.com,68.0,27.0,21.0,86.0,2.0,25.0,28,19
6309,acworld666.com,68.0,27.0,21.0,86.0,2.0,25.0,28,19
6310,beauty-cutepet.com,68.0,27.0,21.0,86.0,2.0,25.0,28,19
6311,borderlessnoticia.com,68.0,27.0,21.0,86.0,2.0,25.0,28,19
6312,76gotravel.com,68.0,27.0,21.0,86.0,2.0,25.0,28,19
6313,taaparty.com,68.0,27.0,21.0,86.0,2.0,25.0,28,19
6314,258lifetoo.com,68.0,27.0,21.0,86.0,2.0,25.0,28,19
6315,swordsman94.com,68.0,27.0,21.0,86.0,2.0,25.0,28,19
6329,niinr.top,187.0,87.0,21.0,108.0,15.0,61.0,18,21
6330,wnfun.top,187.0,87.0,21.0,108.0,15.0,61.0,18,21
6331,aebof.top,187.0,87.0,21.0,108.0,15.0,61.0,18,21
6332,pausr.top,187.0,87.0,21.0,108.0,15.0,61.0,18,21
6333,owhrs.top,187.0,87.0,21.0,108.0,15.0,61.0,18,21
6334,ybfue.top,187.0,87.0,21.0,108.0,15.0,61.0,18,21
6335,nsseg.top,187.0,87.0,21.0,108.0,15.0,61.0,18,21
6336,sknmy.top,187.0,87.0,21.0,108.0,15.0,61.0,18,21
6347,hkdaliynew.com,68.0,27.0,21.0,86.0,2.0,25.0,28,19
6577,newsindiaday.com,278.0,112.0,22.0,59.0,6.0,32.0,13,20
6578,quinta-perpetua.info,279.0,113.0,22.0,59.0,6.0,33.0,14,20
6795,amorces.net,279.0,113.0,23.0,59.0,6.0,32.0,14,20
6796,ubonlive.com,279.0,113.0,23.0,59.0,6.0,32.0,14,20
6800,gkgi.net,279.0,113.0,23.0,59.0,6.0,32.0,14,20
6801,cidadesreunidas.news,280.0,114.0,23.0,59.0,6.0,33.0,14,20
6803,thedigitalnetwork.info,281.0,114.0,23.0,57.0,6.0,33.0,14,20
6804,newsmaniaonline.com,280.0,114.0,23.0,59.0,6.0,33.0,14,20
6929,thegreenballoon.net,282.0,114.0,23.0,61.0,7.0,33.0,11,20
7005,zheleznodorozhnynews.ru,190.0,61.0,24.0,28.0,3.0,24.0,15,22
7006,madiun-news.com,281.0,115.0,24.0,59.0,6.0,33.0,14,20
7007,planetstorytellernews.com,281.0,115.0,24.0,59.0,6.0,33.0,14,20
7008,rabbitnews.org,281.0,114.0,24.0,59.0,6.0,32.0,14,20
7198,pushkinonews.ru,191.0,64.0,25.0,28.0,3.0,25.0,16,22
7199,kuzbass-news.ru,191.0,64.0,25.0,28.0,3.0,25.0,16,22
7200,osetianews.ru,191.0,64.0,25.0,28.0,3.0,25.0,16,22
7201,dailypenza.ru,191.0,64.0,25.0,28.0,3.0,25.0,16,22
7202,cherepovecnews.ru,191.0,64.0,25.0,28.0,3.0,25.0,16,22
7203,vologda-news.ru,191.0,64.0,25.0,28.0,3.0,25.0,16,22
7204,oktabrskiynews.ru,191.0,64.0,25.0,28.0,3.0,25.0,16,22
7205,cherkessknews.ru,191.0,64.0,25.0,28.0,3.0,25.0,16,22
7210,arzamasnews.ru,191.0,64.0,25.0,28.0,3.0,25.0,16,22
7211,kostromadailynews.ru,191.0,64.0,25.0,28.0,3.0,25.0,16,22
7212,groznynews.ru,191.0,64.0,25.0,28.0,3.0,25.0,16,22
7213,beldailynews.ru,190.0,64.0,25.0,28.0,3.0,25.0,16,22
7214,rostovdon-news.ru,191.0,64.0,25.0,28.0,3.0,25.0,16,22
7232,nizhnekamsknews.ru,191.0,64.0,25.0,28.0,3.0,25.0,16,22
7395,ulan-udenews.ru,186.0,64.0,26.0,28.0,3.0,25.0,18,22
7736,sidebizearnews.com,196.0,220.0,28.0,87.0,26.0,126.0,16,23
7737,secretssidebiz.com,196.0,224.0,28.0,87.0,26.0,130.0,15,23
7738,zaitakuworkexecutive.com,196.0,227.0,28.0,86.0,26.0,133.0,15,23
7739,findworkrevival.site,196.0,219.0,28.0,85.0,26.0,125.0,16,23
7740,sidebizbest100.com,196.0,222.0,28.0,85.0,26.0,128.0,16,23
7741,sidebizexpert.com,196.0,222.0,28.0,85.0,26.0,128.0,16,23
7742,sidebiztruth.com,196.0,223.0,28.0,85.0,26.0,129.0,15,23
7743,sidebizagewin.com,196.0,220.0,28.0,85.0,26.0,126.0,16,23
7744,sidebiznews2022.com,196.0,219.0,28.0,85.0,26.0,125.0,16,23
7745,zaitakuworkpremium.com,196.0,223.0,28.0,85.0,26.0,131.0,15,23
7746,sidebizrevolution2022.com,196.0,220.0,28.0,85.0,26.0,126.0,16,23
7747,sidebizonline.com,195.0,213.0,28.0,85.0,26.0,119.0,12,23
7748,kosodatenaisyoku.com,196.0,220.0,28.0,85.0,26.0,127.0,16,23
7749,0startsidebiz.com,196.0,218.0,28.0,85.0,26.0,127.0,16,23
7750,successsidebiz.com,196.0,221.0,28.0,85.0,26.0,127.0,16,23
7751,naisyokuonline.com,196.0,221.0,28.0,85.0,26.0,127.0,16,23
7896,eoomiss.com,117.0,90.0,29.0,103.0,8.0,50.0,12,24
7897,loveyou-pets.com,114.0,87.0,29.0,103.0,8.0,47.0,15,24
7898,myhealth-time.com,114.0,93.0,29.0,103.0,8.0,53.0,10,24
7900,jam-ice.com,114.0,84.0,29.0,103.0,8.0,44.0,10,24
7901,pets-dote.com,114.0,83.0,29.0,103.0,8.0,44.0,10,24
7902,lifenewsjr.com,114.0,87.0,29.0,103.0,8.0,47.0,15,24
7903,kid-ify.com,114.0,85.0,29.0,103.0,8.0,46.0,13,24
7904,dailydaily-up.com,114.0,87.0,29.0,103.0,8.0,48.0,15,24
7905,cookstoree.com,116.0,89.0,29.0,103.0,8.0,50.0,13,24
7906,childrenplayfun.com,114.0,84.0,29.0,103.0,8.0,45.0,11,24
7907,ananfree.com,116.0,88.0,29.0,103.0,8.0,48.0,15,24
7908,voohappy.com,114.0,86.0,29.0,103.0,8.0,47.0,14,24
7909,nicelifea.com,114.0,90.0,29.0,103.0,8.0,51.0,14,24
7910,lemonlin.com,114.0,91.0,29.0,103.0,8.0,51.0,13,24
7911,itigeryou.com,114.0,87.0,29.0,103.0,8.0,47.0,15,24
8312,permdailynews.ru,312.0,81.0,32.0,38.0,3.0,25.0,12,25
8473,surgutnews.ru,326.0,84.0,34.0,38.0,3.0,25.0,26,25
8608,sibirdailynews.ru,321.0,84.0,36.0,38.0,3.0,25.0,34,25
8610,birobidzhannews.ru,321.0,84.0,36.0,38.0,3.0,25.0,34,25
8611,news-orsk.ru,321.0,84.0,36.0,38.0,3.0,25.0,34,25
9404,helplogics.net,284.0,122.0,54.0,14.0,3.0,37.0,16,26
9405,howto88.com,289.0,123.0,54.0,14.0,3.0,37.0,16,26
9734,umaevents.io,25.0,2.0,1.0,11.0,0.0,0.0,11,27
9735,ganardineroporinternet.me,9.0,2.0,1.0,4.0,0.0,0.0,75,28
9736,filingtaxes.ca,9.0,2.0,1.0,4.0,0.0,0.0,75,28
9738,intelligenceinsoftware.com,9.0,1.0,1.0,4.0,0.0,0.0,14,29
9739,milled.com,25.0,2.0,1.0,11.0,0.0,0.0,11,27
9740,wahadventures.com,25.0,2.0,1.0,11.0,0.0,0.0,11,27
9741,manwa.fun,25.0,2.0,1.0,11.0,0.0,0.0,11,27
9742,smarts.co,9.0,2.0,1.0,4.0,0.0,0.0,75,28
9743,aidungeon.io,39.0,2.0,1.0,11.0,0.0,0.0,52,30
9744,apkcunk.com,9.0,2.0,1.0,4.0,0.0,0.0,75,28
9745,carsversity.com,9.0,2.0,1.0,5.0,0.0,0.0,16,31
9753,medioq.com,39.0,2.0,1.0,11.0,0.0,0.0,52,30
9754,closetcooking.com,10.0,2.0,1.0,4.0,0.0,0.0,31,32
9755,wtechnews.com,9.0,2.0,1.0,4.0,0.0,0.0,75,28
9756,monkeytype.com,9.0,1.0,1.0,4.0,0.0,0.0,14,29
9757,metromatinee.com,10.0,2.0,1.0,4.0,0.0,0.0,31,32
9758,doclus.com,10.0,2.0,1.0,4.0,0.0,0.0,31,32
9759,pricehistory.in,9.0,2.0,1.0,4.0,0.0,0.0,75,28
9760,vesti.ua,25.0,2.0,1.0,11.0,0.0,0.0,11,27
9761,arooma.life,9.0,2.0,1.0,4.0,0.0,0.0,75,28
9762,designbolts.com,39.0,2.0,1.0,11.0,0.0,0.0,52,30
9763,kamini.id,9.0,2.0,1.0,5.0,0.0,0.0,16,31
9764,socialcounts.org,9.0,1.0,1.0,4.0,0.0,0.0,14,29
9765,japacolor.com,9.0,2.0,1.0,4.0,0.0,0.0,75,28
9766,zambiawatchdog.com,9.0,2.0,1.0,4.0,0.0,0.0,75,28
9767,pcjisaku.tech,9.0,2.0,1.0,4.0,0.0,0.0,75,28
9768,sevenjournals.com,9.0,2.0,1.0,4.0,0.0,0.0,75,28
9769,thesavvysampler.com,9.0,2.0,1.0,4.0,0.0,0.0,75,28
9770,healthbeautymeta.com,39.0,2.0,1.0,11.0,0.0,0.0,52,30
9771,unian.ua,25.0,2.0,1.0,11.0,0.0,0.0,11,27
9772,vesseljoin.com,9.0,2.0,1.0,4.0,0.0,0.0,75,28
9773,alljobsgovt.com,9.0,2.0,1.0,4.0,0.0,0.0,75,28
9774,duhocchina.com,10.0,2.0,1.0,4.0,0.0,0.0,31,32
9775,findmycareer.com,9.0,2.0,1.0,4.0,0.0,0.0,75,28
9776,ultrabookreview.com,9.0,2.0,1.0,5.0,0.0,0.0,16,31
9777,pravda.ru,39.0,2.0,1.0,11.0,0.0,0.0,52,30
9778,reportr.world,39.0,2.0,1.0,11.0,0.0,0.0,52,30
9779,opportunitydesk.org,9.0,2.0,1.0,5.0,0.0,0.0,16,31
9780,baguiocityguide.com,10.0,2.0,1.0,4.0,0.0,0.0,31,32
9781,studyshoot.com,10.0,2.0,1.0,4.0,0.0,0.0,31,32
9782,incpak.com,9.0,2.0,1.0,4.0,0.0,0.0,75,28
9783,keqingmains.com,9.0,2.0,1.0,4.0,0.0,0.0,75,28
9784,mindphp.com,9.0,2.0,1.0,5.0,0.0,0.0,16,31
9785,wowkia.com,10.0,2.0,1.0,4.0,0.0,0.0,31,32
9786,apkaio.com,39.0,2.0,1.0,11.0,0.0,0.0,52,30
9787,mwindows99.com,9.0,2.0,1.0,4.0,0.0,0.0,75,28
9788,modxda.com,9.0,2.0,1.0,5.0,0.0,0.0,16,31
9789,ejobscircular.com,9.0,2.0,1.0,4.0,0.0,0.0,75,28
9790,radiotruyen.info,9.0,1.0,1.0,4.0,0.0,0.0,14,29
9791,vascaino.net,9.0,2.0,1.0,4.0,0.0,0.0,75,28
9792,lindaikejisblog.com,10.0,2.0,1.0,4.0,0.0,0.0,31,32
9793,doramiru.com,10.0,2.0,1.0,4.0,0.0,0.0,31,32
9794,seamanjobs.com.ph,9.0,2.0,1.0,4.0,0.0,0.0,75,28
9795,elwatannews.com,9.0,1.0,1.0,4.0,0.0,0.0,14,29
9796,readonepiece.com,9.0,2.0,1.0,4.0,0.0,0.0,75,28
9797,technewztop.com,9.0,2.0,1.0,4.0,0.0,0.0,75,28
9798,stb.ua,9.0,1.0,1.0,4.0,0.0,0.0,14,29
9799,paulickreport.com,39.0,2.0,1.0,11.0,0.0,0.0,52,30
9800,raialyoum.com,10.0,2.0,1.0,4.0,0.0,0.0,31,32
9801,thevocket.com,9.0,2.0,1.0,4.0,0.0,0.0,75,28
9802,myschoolgist.com,39.0,2.0,1.0,11.0,0.0,0.0,52,30
9803,tripwinego.com,10.0,2.0,1.0,4.0,0.0,0.0,31,32
9804,e-nvm.org,10.0,2.0,1.0,4.0,0.0,0.0,31,32
9805,latestnovel.net,9.0,2.0,1.0,4.0,0.0,0.0,75,28
9806,quizpin.com,10.0,2.0,1.0,4.0,0.0,0.0,31,32
9807,cdn.com.do,9.0,2.0,1.0,4.0,0.0,0.0,75,28
9808,ds4-windows.com,9.0,2.0,1.0,5.0,0.0,0.0,16,31
9809,fecomic.com,9.0,2.0,1.0,4.0,0.0,0.0,75,28
9810,playsubtly.com,9.0,2.0,1.0,4.0,0.0,0.0,75,28
9811,men-gov.ma,9.0,2.0,1.0,4.0,0.0,0.0,75,28
9812,pikapika.ph,9.0,2.0,1.0,4.0,0.0,0.0,75,28
9813,pcgames.zone,39.0,2.0,1.0,11.0,0.0,0.0,52,30
9814,hiddenobjectsaga.com,39.0,2.0,1.0,11.0,0.0,0.0,52,30
9815,newonnetflix.info,25.0,2.0,1.0,11.0,0.0,0.0,11,27
9816,oddstuffmagazine.com,9.0,2.0,1.0,4.0,0.0,0.0,75,28
9817,kokona.tech,9.0,2.0,1.0,4.0,0.0,0.0,75,28
9818,nslookuptool.com,9.0,2.0,1.0,5.0,0.0,0.0,16,31
9819,tamilnovelwriters.com,9.0,2.0,1.0,4.0,0.0,0.0,75,28
9820,hubcloud.link,9.0,2.0,1.0,4.0,0.0,0.0,75,28
9821,careertex.com,10.0,2.0,1.0,4.0,0.0,0.0,31,32
9822,keephealthyliving.com,9.0,1.0,1.0,4.0,0.0,0.0,14,29
9823,supercloudsms.com,10.0,2.0,1.0,4.0,0.0,0.0,31,32
9824,haryanaekhabar.com,9.0,2.0,1.0,4.0,0.0,0.0,75,28
9825,cooxf.com,9.0,2.0,1.0,4.0,0.0,0.0,75,28
9826,linkunshorten.com,9.0,2.0,1.0,4.0,0.0,0.0,75,28
9827,fminside.net,9.0,1.0,1.0,4.0,0.0,0.0,14,29
9828,ddosi.org,9.0,2.0,1.0,4.0,0.0,0.0,75,28
9829,gujarati-english.com,9.0,2.0,1.0,4.0,0.0,0.0,75,28
9830,51du.org,9.0,2.0,1.0,4.0,0.0,0.0,75,28
9831,gccrecruitments.com,9.0,1.0,1.0,4.0,0.0,0.0,14,29
9832,lionjek.com,9.0,2.0,1.0,4.0,0.0,0.0,75,28
9833,malaysia-today.net,10.0,2.0,1.0,4.0,0.0,0.0,31,32
9834,autodiscoveries.com,9.0,2.0,1.0,4.0,0.0,0.0,75,28
9835,dtto.com,39.0,2.0,1.0,11.0,0.0,0.0,52,30
9836,opindia.com,9.0,2.0,1.0,4.0,0.0,0.0,75,28
9837,codepre.com,9.0,2.0,1.0,5.0,0.0,0.0,16,31
9838,bzrba.com,9.0,2.0,1.0,4.0,0.0,0.0,75,28
9839,temp-number.com,10.0,2.0,1.0,4.0,0.0,0.0,31,32
9840,newsnatic.com,9.0,2.0,1.0,4.0,0.0,0.0,75,28
9841,apksfull.com,10.0,2.0,1.0,4.0,0.0,0.0,31,32
9842,recruitarabia.com,9.0,2.0,1.0,5.0,0.0,0.0,16,31
9843,agar-ar.com,10.0,2.0,1.0,4.0,0.0,0.0,31,32
9844,elpais.com.uy,9.0,1.0,1.0,4.0,0.0,0.0,14,29
9845,astrounivers.com,9.0,2.0,1.0,4.0,0.0,0.0,75,28
9846,livestly.com,24.0,2.0,1.0,11.0,0.0,0.0,10,27
9847,cosmicbook.news,39.0,2.0,1.0,11.0,0.0,0.0,52,30
9848,tokenpedia.com,39.0,2.0,1.0,11.0,0.0,0.0,52,30
9849,retameta.com,39.0,2.0,1.0,11.0,0.0,0.0,52,30
9850,sentangsedtee.com,39.0,2.0,1.0,11.0,0.0,0.0,52,30
9851,downdetector.in,39.0,2.0,1.0,11.0,0.0,0.0,52,30
9852,hyser.ua,9.0,2.0,1.0,4.0,0.0,0.0,75,28
9853,unian.info,39.0,2.0,1.0,11.0,0.0,0.0,52,30
9854,500dh2020.com,8.0,3.0,1.0,0.0,0.0,0.0,18,33
9855,las2orillas.co,39.0,2.0,1.0,10.0,0.0,0.0,51,30
9857,automometa.com,39.0,2.0,1.0,11.0,0.0,0.0,52,30
9858,bato.to,24.0,2.0,1.0,11.0,0.0,0.0,10,27
9859,4jkpop.info,25.0,2.0,1.0,11.0,0.0,0.0,11,27
9860,gazetetarafsiz.com,39.0,3.0,1.0,11.0,0.0,0.0,36,30
9861,ps5juegotrucos.com,9.0,2.0,1.0,4.0,0.0,0.0,75,28
9862,apksos.com,39.0,2.0,1.0,11.0,0.0,0.0,52,30
9863,howlongagogo.com,39.0,2.0,1.0,10.0,0.0,0.0,51,30
9864,eventimeta.com,39.0,2.0,1.0,10.0,0.0,0.0,51,30
9865,5e.tools,39.0,1.0,1.0,10.0,0.0,0.0,18,30
9867,hostfamilyanswers.com,9.0,2.0,1.0,4.0,0.0,0.0,75,28
9868,coisasdecasal.com,10.0,2.0,1.0,4.0,0.0,0.0,31,32
9869,rserial.tv,9.0,2.0,1.0,4.0,0.0,0.0,75,28
9871,barpubmeta.com,39.0,2.0,1.0,10.0,0.0,0.0,51,30
9872,relaydog.com,9.0,2.0,1.0,4.0,0.0,0.0,75,28
9873,hatit.net,9.0,2.0,1.0,4.0,0.0,0.0,75,28
9875,newstrend.news,39.0,2.0,1.0,11.0,0.0,0.0,52,30
9876,cmtoinches.co,9.0,1.0,1.0,4.0,0.0,0.0,14,29
9877,newsnowbd.com,9.0,2.0,1.0,5.0,0.0,0.0,16,31
9878,cuckolding.club,8.0,3.0,1.0,0.0,0.0,0.0,18,33
9879,receitasdeculinaria.tv,39.0,2.0,1.0,10.0,0.0,0.0,51,30
9881,morphodriver.in,9.0,2.0,1.0,4.0,0.0,0.0,75,28
9882,projecttopics.org,39.0,2.0,1.0,10.0,0.0,0.0,51,30
9883,cinematographe.it,39.0,2.0,1.0,10.0,0.0,0.0,51,30
9884,bibliacatolica.com.br,39.0,2.0,1.0,10.0,0.0,0.0,51,30
9886,gezgirim.com,39.0,2.0,1.0,11.0,0.0,0.0,52,30
9887,mangaschan.com,9.0,2.0,1.0,4.0,0.0,0.0,75,28
9888,twinkboymedia.com,8.0,3.0,1.0,0.0,0.0,0.0,18,33
9889,boop.pl,39.0,2.0,1.0,11.0,0.0,0.0,52,30
9890,coachonline.us,8.0,3.0,1.0,0.0,0.0,0.0,18,33
9891,papunika.com,39.0,3.0,1.0,11.0,0.0,0.0,36,30
9892,pfldy.net,8.0,3.0,1.0,0.0,0.0,0.0,18,33
9893,paroles.co,39.0,2.0,1.0,10.0,0.0,0.0,51,30
9894,colaborando.net,9.0,2.0,1.0,4.0,0.0,0.0,75,28
9897,playshooters.com,39.0,2.0,1.0,10.0,0.0,0.0,51,30
9898,distance.to,39.0,2.0,1.0,10.0,0.0,0.0,51,30
9899,figvip.com,8.0,3.0,1.0,0.0,0.0,0.0,18,33
9900,rare-jav.club,8.0,3.0,1.0,0.0,0.0,0.0,18,33
9902,bingkart.com,39.0,2.0,1.0,10.0,0.0,0.0,51,30
9904,puretrend.com.br,39.0,2.0,1.0,10.0,0.0,0.0,51,30
9905,inmobiliaria.com,39.0,2.0,1.0,10.0,0.0,0.0,51,30
9906,actucameroun.com,39.0,2.0,1.0,10.0,0.0,0.0,51,30
9909,busjav.bar,8.0,3.0,1.0,0.0,0.0,0.0,18,33
9910,jpnphone.com,9.0,2.0,1.0,4.0,0.0,0.0,75,28
9912,good3.bid,8.0,3.0,1.0,0.0,0.0,0.0,18,33
9913,zpaste.net,39.0,2.0,1.0,11.0,0.0,0.0,52,30
9915,2jaz.net,9.0,2.0,1.0,4.0,0.0,0.0,75,28
9917,cydaoh.com,8.0,3.0,1.0,0.0,0.0,0.0,18,33
9918,shouye.org,8.0,3.0,1.0,0.0,0.0,0.0,18,33
9919,sex52sex.net,8.0,3.0,1.0,0.0,0.0,0.0,18,33
9921,gametrade.club,8.0,3.0,1.0,0.0,0.0,0.0,18,33
9922,scamwatcher.com,39.0,2.0,1.0,10.0,0.0,0.0,51,30
9923,ny523.xyz,8.0,3.0,1.0,0.0,0.0,0.0,18,33
9924,playmultiplayergames.in,8.0,3.0,1.0,0.0,0.0,0.0,18,33
9925,jaddagirl.com,8.0,3.0,1.0,0.0,0.0,0.0,18,33
9926,solosex.cc,8.0,3.0,1.0,0.0,0.0,0.0,18,33
9927,gulfjobzone.com,10.0,2.0,1.0,4.0,0.0,0.0,31,32
9928,toptruyen.net,9.0,2.0,1.0,4.0,0.0,0.0,75,28
9930,mangapark.net,39.0,2.0,1.0,10.0,0.0,0.0,51,30
9931,lastmanuals.com,10.0,2.0,1.0,4.0,0.0,0.0,31,32
9932,panda-novel.com,9.0,1.0,1.0,4.0,0.0,0.0,14,29
9933,thefightingcock.co.uk,9.0,2.0,1.0,4.0,0.0,0.0,75,28
9934,mo-so.com,9.0,2.0,1.0,4.0,0.0,0.0,75,28
9935,numbervoice.jp,39.0,2.0,1.0,11.0,0.0,0.0,52,30
9936,lastminute.ie,39.0,2.0,1.0,11.0,0.0,0.0,52,30
9937,boards.net,39.0,2.0,1.0,11.0,0.0,0.0,52,30
9938,riddles-for-kids.org,9.0,2.0,1.0,4.0,0.0,0.0,75,28
9939,photography-secret.com,9.0,1.0,1.0,4.0,0.0,0.0,14,29
9940,17fun.xyz,9.0,2.0,1.0,4.0,0.0,0.0,75,28
9941,football24.ua,39.0,2.0,1.0,11.0,0.0,0.0,52,30
9942,brokwiki.com,9.0,2.0,1.0,4.0,0.0,0.0,75,28
9943,politicsnigeria.com,9.0,2.0,1.0,4.0,0.0,0.0,75,28
9944,gassyuku.com,9.0,2.0,1.0,4.0,0.0,0.0,75,28
9945,astucetech.net,10.0,2.0,1.0,4.0,0.0,0.0,31,32
9946,brainly.com.br,39.0,2.0,1.0,11.0,0.0,0.0,52,30
9947,lyricsbaazaar.com,9.0,2.0,1.0,4.0,0.0,0.0,75,28
9948,drpsychological.com,9.0,2.0,1.0,5.0,0.0,0.0,16,31
9949,wikitravel.org,9.0,2.0,1.0,5.0,0.0,0.0,16,31
9950,wikiwiki.in,10.0,2.0,1.0,4.0,0.0,0.0,31,32
9951,urbanbellemag.com,39.0,2.0,1.0,11.0,0.0,0.0,52,30
9952,ver001.com,9.0,2.0,1.0,4.0,0.0,0.0,75,28
9953,glavred.info,39.0,2.0,1.0,11.0,0.0,0.0,52,30
9954,brainly.co.id,39.0,2.0,1.0,11.0,0.0,0.0,52,30
9965,whippio.com,10.0,2.0,1.0,4.0,0.0,0.0,31,32
9966,swarakyat.com,10.0,2.0,1.0,4.0,0.0,0.0,31,32
9967,savingexpert.org,9.0,2.0,1.0,5.0,0.0,0.0,16,31
9968,techring.net,10.0,2.0,1.0,4.0,0.0,0.0,31,32
9969,dotaraby.net,10.0,2.0,1.0,4.0,0.0,0.0,31,32
9970,gulfjobsapp.com,9.0,2.0,1.0,5.0,0.0,0.0,16,31
9971,dollarsanity.com,9.0,1.0,1.0,4.0,0.0,0.0,14,29
9972,technetme.com,9.0,2.0,1.0,4.0,0.0,0.0,75,28
9973,amazfeed.com,10.0,2.0,1.0,4.0,0.0,0.0,31,32
9974,newsarkarijobalert.com,10.0,2.0,1.0,4.0,0.0,0.0,31,32
9975,status.support,9.0,2.0,1.0,4.0,0.0,0.0,75,28
9976,box.live,39.0,2.0,1.0,11.0,0.0,0.0,52,30
9977,preparmy.com,9.0,2.0,1.0,4.0,0.0,0.0,75,28
9978,employmentbank.org,10.0,2.0,1.0,4.0,0.0,0.0,31,32
9981,elbashayer.com,9.0,2.0,1.0,4.0,0.0,0.0,75,28
9982,pdfroom.com,9.0,2.0,1.0,4.0,0.0,0.0,75,28
9983,sudokus.jp,9.0,2.0,1.0,5.0,0.0,0.0,16,31
9985,moneymakingmommy.com,9.0,2.0,1.0,4.0,0.0,0.0,75,28
9986,danidrops.com.br,9.0,2.0,1.0,4.0,0.0,0.0,75,28
9988,lifeupswing.com,9.0,2.0,1.0,4.0,0.0,0.0,75,28
10019,switch520.com,8.0,3.0,1.0,0.0,0.0,0.0,18,33
10186,neftejugansknews.ru,316.0,84.0,33.0,36.0,3.0,25.0,34,25
10309,biysk-news.ru,326.0,84.0,35.0,38.0,3.0,25.0,33,25
10310,staryy-oskolnews.ru,326.0,84.0,35.0,38.0,3.0,25.0,33,25
10311,miassnews.ru,326.0,84.0,35.0,38.0,3.0,25.0,33,25
10312,balashihanews.ru,326.0,84.0,35.0,38.0,3.0,25.0,33,25
10313,bereznikinews.ru,326.0,84.0,35.0,38.0,3.0,25.0,33,25
10314,mezhdurechensknews.ru,326.0,84.0,35.0,38.0,3.0,25.0,33,25
10315,mytischinews.ru,326.0,84.0,35.0,38.0,3.0,25.0,33,25
10316,novoshahtinsknews.ru,326.0,84.0,35.0,38.0,3.0,25.0,33,25
10317,mordovianews.ru,326.0,84.0,35.0,38.0,3.0,25.0,33,25
10318,syzran-news.ru,326.0,84.0,35.0,38.0,3.0,25.0,33,25
10319,sarapulnews.ru,326.0,84.0,35.0,38.0,3.0,25.0,33,25
10320,adygeyanews.ru,326.0,84.0,35.0,38.0,3.0,25.0,33,25
10321,severodvinsknews.ru,326.0,84.0,35.0,38.0,3.0,25.0,33,25
10322,mahachkalanews.ru,326.0,84.0,35.0,38.0,3.0,25.0,33,25
10323,newstaganrog.ru,326.0,84.0,35.0,38.0,3.0,25.0,33,25
10324,votkinsknews.ru,325.0,82.0,35.0,38.0,3.0,24.0,24,25
10325,newspodolsk.ru,326.0,84.0,35.0,38.0,3.0,25.0,33,25
10326,uraldailynews.ru,326.0,84.0,35.0,38.0,3.0,25.0,33,25
10327,stavropoldailynews.ru,326.0,84.0,35.0,38.0,3.0,25.0,33,25
10328,zhukovskiynews.ru,311.0,82.0,35.0,38.0,3.0,24.0,11,25
10329,dailysmolensk.ru,312.0,84.0,35.0,38.0,3.0,25.0,35,25
10330,kolpino-news.ru,312.0,84.0,35.0,38.0,3.0,25.0,35,25
10331,krasnoyarsknews.ru,312.0,84.0,35.0,38.0,3.0,25.0,35,25
10332,dimitrovgradnews.ru,312.0,84.0,35.0,38.0,3.0,25.0,35,25
10333,novomoskovsknews.ru,312.0,84.0,35.0,38.0,3.0,25.0,35,25
10334,lubercynews.ru,312.0,84.0,35.0,38.0,3.0,25.0,35,25
10335,briansknews.ru,310.0,84.0,35.0,38.0,3.0,25.0,34,25
10336,tambov-news.ru,312.0,84.0,35.0,38.0,3.0,25.0,35,25
10337,novokuznecknews.ru,310.0,84.0,35.0,38.0,3.0,25.0,34,25
10338,omskdailynews.ru,326.0,84.0,35.0,38.0,3.0,25.0,33,25
10942,sh3nhuajoy.com,88.0,103.0,47.0,11.0,7.0,42.0,33,34
10943,dud1sk.net,87.0,102.0,47.0,11.0,7.0,42.0,33,34
10944,m0c0de.top,89.0,103.0,47.0,11.0,7.0,42.0,33,34
10945,fv0a0at.top,88.0,103.0,47.0,11.0,7.0,42.0,33,34
10946,kkt00ls.net,88.0,102.0,47.0,11.0,7.0,42.0,33,34
10947,py00whg.top,89.0,103.0,47.0,11.0,7.0,42.0,33,34
10948,kktools.net,88.0,102.0,47.0,11.0,7.0,42.0,33,34
10949,yenos.top,89.0,103.0,47.0,11.0,7.0,42.0,33,34
10950,loadd.top,89.0,103.0,47.0,11.0,7.0,42.0,33,34
10951,eyare.top,89.0,103.0,47.0,11.0,7.0,42.0,33,34
10952,acetz.top,89.0,103.0,47.0,11.0,7.0,42.0,33,34
10953,lernong.com,88.0,102.0,47.0,11.0,7.0,42.0,33,34
10954,stoen.top,89.0,103.0,47.0,11.0,7.0,42.0,33,34
10955,wrrch.top,89.0,103.0,47.0,11.0,7.0,42.0,33,34
10956,snstt.top,89.0,103.0,47.0,11.0,7.0,42.0,33,34
10957,cskis.top,89.0,103.0,47.0,11.0,7.0,42.0,33,34
10958,aasmw.top,89.0,103.0,47.0,11.0,7.0,42.0,33,34
10959,tdtow.top,89.0,103.0,47.0,11.0,7.0,42.0,33,34
10960,tdtow.top,89.0,103.0,47.0,11.0,7.0,42.0,33,34
10961,viapl.top,89.0,103.0,47.0,11.0,7.0,42.0,33,34
10962,viapl.top,89.0,103.0,47.0,11.0,7.0,42.0,33,34
10963,hsars.top,89.0,103.0,47.0,11.0,7.0,42.0,33,34
10964,hsars.top,89.0,103.0,47.0,11.0,7.0,42.0,33,34
10965,dssdr.top,89.0,103.0,47.0,11.0,7.0,42.0,33,34
10966,duans.top,89.0,103.0,47.0,11.0,7.0,42.0,33,34
10967,nssi.top,89.0,103.0,47.0,11.0,7.0,42.0,33,34
10968,xoak.top,89.0,103.0,47.0,11.0,7.0,42.0,33,34
10969,tucr.top,89.0,103.0,47.0,11.0,7.0,42.0,33,34
10970,qewj.top,89.0,103.0,47.0,11.0,7.0,42.0,33,34
10971,jwqe.top,89.0,103.0,47.0,11.0,7.0,42.0,33,34
10972,qiax.top,89.0,103.0,47.0,11.0,7.0,42.0,33,34
10973,gmrv.top,89.0,103.0,47.0,11.0,7.0,42.0,33,34
10974,rtoe.top,89.0,103.0,47.0,11.0,7.0,42.0,33,34
11305,easytofix.net,290.0,124.0,55.0,14.0,3.0,37.0,15,26
11306,faqdesk.net,290.0,124.0,55.0,14.0,3.0,37.0,15,26
11307,windows1x.com,290.0,124.0,55.0,14.0,3.0,37.0,15,26
11308,howtofixwin.com,290.0,124.0,55.0,14.0,3.0,37.0,15,26
11309,howthere.org,290.0,124.0,55.0,14.0,3.0,37.0,15,26
11310,guidecycle.net,290.0,124.0,55.0,14.0,3.0,37.0,15,26
11311,squadguide.net,290.0,124.0,55.0,14.0,3.0,37.0,15,26
11312,hellofixer.net,290.0,124.0,55.0,14.0,3.0,37.0,15,26
11313,portdesk.net,290.0,124.0,55.0,14.0,3.0,37.0,15,26
11314,guidesy.net,290.0,124.0,55.0,14.0,3.0,37.0,15,26
11315,howtodesk.net,290.0,124.0,55.0,14.0,3.0,37.0,15,26
11316,300error.com,292.0,124.0,55.0,14.0,3.0,37.0,15,26
11317,besolve.net,290.0,124.0,55.0,14.0,3.0,37.0,15,26
